invoice_id,customer_id,invoice_date,due_date,invoice_amount,currency,status,collected_amount,payment_date,outstanding_amount,days_to_payment,reporting_month,is_paid,is_overdue,paid_after_due_date
INV000001,CUST0049,2025-01-06,2025-02-05,11319.84,EUR,Paid,11319.84,2025-01-13,0.0,7.0,2025-01,True,False,False
INV000002,CUST0053,2025-01-03,2025-02-02,3022.85,EUR,Open,0.0,,3022.85,,2025-01,False,True,False
INV000003,CUST0022,2025-01-02,2025-01-16,8451.2,EUR,Open,0.0,,8451.2,,2025-01,False,True,False
INV000004,CUST0025,2025-01-19,2025-02-02,5986.06,EUR,Paid,5986.06,2025-01-20,0.0,1.0,2025-01,True,False,False
INV000005,CUST0014,2025-01-14,2025-01-28,6913.36,EUR,Open,0.0,,6913.36,,2025-01,False,True,False
INV000006,CUST0028,2025-01-09,2025-02-23,3986.54,EUR,Open,0.0,,3986.54,,2025-01,False,True,False
INV000007,CUST0011,2025-01-16,2025-03-02,3180.26,EUR,Paid,3180.26,2025-03-25,0.0,68.0,2025-01,True,False,True
INV000008,CUST0041,2025-01-11,2025-02-10,450.0,EUR,Open,0.0,,450.0,,2025-01,False,True,False
INV000009,CUST0059,2025-01-19,2025-02-02,7203.86,EUR,Open,0.0,,7203.86,,2025-01,False,True,False
INV000010,CUST0019,2025-01-04,2025-02-03,10553.41,EUR,Paid,10553.41,2025-01-20,0.0,16.0,2025-01,True,False,False
INV000011,CUST0070,2025-01-15,2025-02-14,1989.83,EUR,Paid,1989.83,2025-02-04,0.0,20.0,2025-01,True,False,False
INV000012,CUST0066,2025-01-09,2025-02-23,6313.74,EUR,Paid,6313.74,2025-02-07,0.0,29.0,2025-01,True,False,False
INV000013,CUST0080,2025-01-15,2025-02-14,9543.83,EUR,Paid,9543.83,2025-01-16,0.0,1.0,2025-01,True,False,False
INV000014,CUST0030,2025-01-10,2025-02-09,12286.45,EUR,Paid,12286.45,2025-03-06,0.0,55.0,2025-01,True,False,True
INV000015,CUST0064,2025-01-16,2025-02-15,6951.4,EUR,Paid,6951.4,2025-01-28,0.0,12.0,2025-01,True,False,False
INV000016,CUST0035,2025-01-07,2025-02-06,7518.26,EUR,Open,0.0,,7518.26,,2025-01,False,True,False
INV000017,CUST0048,2025-01-10,2025-02-09,15793.72,EUR,Paid,15793.72,2025-01-25,0.0,15.0,2025-01,True,False,False
INV000018,CUST0046,2025-01-02,2025-02-01,4637.31,EUR,Paid,4637.31,2025-02-07,0.0,36.0,2025-01,True,False,True
INV000019,CUST0029,2025-01-14,2025-02-13,8235.41,EUR,Open,0.0,,8235.41,,2025-01,False,True,False
INV000020,CUST0061,2025-01-18,2025-03-04,12378.26,EUR,Open,0.0,,12378.26,,2025-01,False,True,False
INV000021,CUST0004,2025-01-18,2025-03-04,9721.87,EUR,Paid,9721.87,2025-01-25,0.0,7.0,2025-01,True,False,False
INV000022,CUST0073,2025-01-08,2025-02-07,3944.99,EUR,Paid,3944.99,2025-01-22,0.0,14.0,2025-01,True,False,False
INV000023,CUST0016,2025-01-03,2025-02-17,3306.61,EUR,Paid,3306.61,2025-01-28,0.0,25.0,2025-01,True,False,False
INV000024,CUST0077,2025-01-13,2025-02-12,4270.14,EUR,Paid,4270.14,2025-02-03,0.0,21.0,2025-01,True,False,False
INV000025,CUST0037,2025-01-04,2025-02-03,8119.14,EUR,Open,0.0,,8119.14,,2025-01,False,True,False
INV000026,CUST0003,2025-01-13,2025-02-27,11087.03,EUR,Paid,11087.03,2025-01-27,0.0,14.0,2025-01,True,False,False
INV000027,CUST0026,2025-01-07,2025-02-06,3428.75,EUR,Paid,3428.75,2025-02-02,0.0,26.0,2025-01,True,False,False
INV000028,CUST0027,2025-01-16,2025-01-30,12295.0,EUR,Paid,12295.0,2025-02-07,0.0,22.0,2025-01,True,False,True
INV000029,CUST0058,2025-01-17,2025-02-16,3320.48,EUR,Paid,3320.48,2025-02-16,0.0,30.0,2025-01,True,False,False
INV000030,CUST0010,2025-01-15,2025-02-14,6998.93,EUR,Paid,6998.93,2025-01-16,0.0,1.0,2025-01,True,False,False
INV000031,CUST0008,2025-01-04,2025-02-03,3066.35,EUR,Paid,3066.35,2025-01-13,0.0,9.0,2025-01,True,False,False
INV000032,CUST0001,2025-01-14,2025-02-28,10608.7,EUR,Paid,10608.7,2025-02-27,0.0,44.0,2025-01,True,False,False
INV000033,CUST0056,2025-01-12,2025-02-11,2351.22,EUR,Open,0.0,,2351.22,,2025-01,False,True,False
INV000034,CUST0032,2025-01-03,2025-02-02,8526.08,EUR,Paid,8526.08,2025-02-03,0.0,31.0,2025-01,True,False,True
INV000035,CUST0054,2025-01-14,2025-02-13,5660.69,EUR,Paid,5660.69,2025-01-15,0.0,1.0,2025-01,True,False,False
INV000036,CUST0063,2025-01-06,2025-01-20,8485.68,EUR,Paid,8485.68,2025-01-20,0.0,14.0,2025-01,True,False,False
INV000037,CUST0074,2025-01-15,2025-01-29,7374.45,EUR,Open,0.0,,7374.45,,2025-01,False,True,False
INV000038,CUST0040,2025-01-16,2025-02-15,5709.18,EUR,Paid,5709.18,2025-01-27,0.0,11.0,2025-01,True,False,False
INV000039,CUST0055,2025-01-12,2025-02-11,6459.7,EUR,Paid,6459.7,2025-01-23,0.0,11.0,2025-01,True,False,False
INV000040,CUST0068,2025-01-11,2025-02-10,10143.19,EUR,Paid,10143.19,2025-02-20,0.0,40.0,2025-01,True,False,True
INV000041,CUST0020,2025-01-05,2025-02-19,9319.0,EUR,Paid,9319.0,2025-02-02,0.0,28.0,2025-01,True,False,False
INV000042,CUST0038,2025-01-17,2025-02-16,5560.73,EUR,Paid,5560.73,2025-01-29,0.0,12.0,2025-01,True,False,False
INV000043,CUST0052,2025-01-05,2025-02-04,4360.93,EUR,Paid,4360.93,2025-01-06,0.0,1.0,2025-01,True,False,False
INV000044,CUST0057,2025-01-02,2025-02-16,450.0,EUR,Open,0.0,,450.0,,2025-01,False,True,False
INV000045,CUST0036,2025-01-08,2025-02-22,5662.45,EUR,Paid,5662.45,2025-03-03,0.0,54.0,2025-01,True,False,True
INV000046,CUST0051,2025-01-10,2025-02-09,11569.79,EUR,Paid,11569.79,2025-01-24,0.0,14.0,2025-01,True,False,False
INV000047,CUST0050,2025-01-15,2025-02-14,7301.19,EUR,Open,0.0,,7301.19,,2025-01,False,True,False
INV000048,CUST0039,2025-01-08,2025-02-22,4742.31,EUR,Open,0.0,,4742.31,,2025-01,False,True,False
INV000049,CUST0045,2025-01-02,2025-01-16,8556.13,EUR,Open,0.0,,8556.13,,2025-01,False,True,False
INV000050,CUST0013,2025-01-11,2025-02-10,5388.62,EUR,Paid,5388.62,2025-01-16,0.0,5.0,2025-01,True,False,False
INV000051,CUST0018,2025-01-08,2025-02-22,12224.17,EUR,Open,0.0,,12224.17,,2025-01,False,True,False
INV000052,CUST0034,2025-01-02,2025-02-01,10076.14,EUR,Open,0.0,,10076.14,,2025-01,False,True,False
INV000053,CUST0072,2025-01-07,2025-02-06,12715.35,EUR,Paid,12715.35,2025-01-08,0.0,1.0,2025-01,True,False,False
INV000054,CUST0071,2025-01-13,2025-02-12,11699.69,EUR,Paid,11699.69,2025-02-09,0.0,27.0,2025-01,True,False,False
INV000055,CUST0017,2025-01-07,2025-02-06,8700.47,EUR,Open,0.0,,8700.47,,2025-01,False,True,False
INV000056,CUST0031,2025-02-18,2025-03-20,6563.68,EUR,Open,0.0,,6563.68,,2025-02,False,True,False
INV000057,CUST0040,2025-02-17,2025-03-19,7306.05,EUR,Paid,7306.05,2025-03-29,0.0,40.0,2025-02,True,False,True
INV000058,CUST0028,2025-02-16,2025-03-18,7684.17,EUR,Paid,7684.17,2025-03-21,0.0,33.0,2025-02,True,False,True
INV000059,CUST0018,2025-02-07,2025-03-09,12772.21,EUR,Paid,12772.21,2025-02-25,0.0,18.0,2025-02,True,False,False
INV000060,CUST0037,2025-02-09,2025-03-11,5316.61,EUR,Paid,5316.61,2025-02-19,0.0,10.0,2025-02,True,False,False
INV000061,CUST0016,2025-02-02,2025-02-16,3396.07,EUR,Paid,3396.07,2025-02-06,0.0,4.0,2025-02,True,False,False
INV000062,CUST0064,2025-02-19,2025-03-21,10294.5,EUR,Paid,10294.5,2025-03-08,0.0,17.0,2025-02,True,False,False
INV000063,CUST0008,2025-02-15,2025-03-17,7343.61,EUR,Paid,7343.61,2025-02-20,0.0,5.0,2025-02,True,False,False
INV000064,CUST0001,2025-02-17,2025-03-03,6687.46,EUR,Open,0.0,,6687.46,,2025-02,False,True,False
INV000065,CUST0022,2025-02-11,2025-03-13,5824.48,EUR,Paid,5824.48,2025-02-22,0.0,11.0,2025-02,True,False,False
INV000066,CUST0055,2025-02-08,2025-03-10,4309.9,EUR,Paid,4309.9,2025-03-01,0.0,21.0,2025-02,True,False,False
INV000067,CUST0030,2025-02-05,2025-03-22,11330.93,EUR,Paid,11330.93,2025-02-07,0.0,2.0,2025-02,True,False,False
INV000068,CUST0052,2025-02-01,2025-03-03,7220.3,EUR,Paid,7220.3,2025-02-19,0.0,18.0,2025-02,True,False,False
INV000069,CUST0068,2025-02-18,2025-03-20,8824.35,EUR,Paid,8824.35,2025-03-16,0.0,26.0,2025-02,True,False,False
INV000070,CUST0054,2025-02-17,2025-03-19,8119.15,EUR,Open,0.0,,8119.15,,2025-02,False,True,False
INV000071,CUST0005,2025-02-01,2025-03-03,10045.47,EUR,Open,0.0,,10045.47,,2025-02,False,True,False
INV000072,CUST0046,2025-02-11,2025-03-13,4200.56,EUR,Paid,4200.56,2025-03-15,0.0,32.0,2025-02,True,False,True
INV000073,CUST0023,2025-02-17,2025-04-03,7029.9,EUR,Paid,7029.9,2025-03-09,0.0,20.0,2025-02,True,False,False
INV000074,CUST0058,2025-02-18,2025-04-04,450.0,EUR,Paid,450.0,2025-03-25,0.0,35.0,2025-02,True,False,False
INV000075,CUST0074,2025-02-11,2025-03-13,6902.95,EUR,Paid,6902.95,2025-04-03,0.0,51.0,2025-02,True,False,True
INV000076,CUST0063,2025-02-07,2025-03-09,10439.9,EUR,Open,0.0,,10439.9,,2025-02,False,True,False
INV000077,CUST0003,2025-02-04,2025-03-06,10773.49,EUR,Open,0.0,,10773.49,,2025-02,False,True,False
INV000078,CUST0021,2025-02-14,2025-03-16,10246.0,EUR,Paid,10246.0,2025-03-20,0.0,34.0,2025-02,True,False,True
INV000079,CUST0056,2025-02-13,2025-02-27,3525.28,EUR,Paid,3525.28,2025-03-17,0.0,32.0,2025-02,True,False,True
INV000080,CUST0073,2025-02-12,2025-03-14,6996.57,EUR,Paid,6996.57,2025-03-28,0.0,44.0,2025-02,True,False,True
INV000081,CUST0050,2025-02-19,2025-03-05,12072.79,EUR,Paid,12072.79,2025-03-15,0.0,24.0,2025-02,True,False,True
INV000082,CUST0029,2025-02-08,2025-03-25,12236.94,EUR,Paid,12236.94,2025-04-14,0.0,65.0,2025-02,True,False,True
INV000083,CUST0027,2025-02-04,2025-02-18,14569.6,EUR,Paid,14569.6,2025-03-01,0.0,25.0,2025-02,True,False,True
INV000084,CUST0076,2025-02-02,2025-03-04,6527.92,EUR,Paid,6527.92,2025-02-19,0.0,17.0,2025-02,True,False,False
INV000085,CUST0014,2025-02-04,2025-03-06,8181.16,EUR,Paid,8181.16,2025-03-13,0.0,37.0,2025-02,True,False,True
INV000086,CUST0009,2025-02-18,2025-03-04,6424.47,EUR,Open,0.0,,6424.47,,2025-02,False,True,False
INV000087,CUST0036,2025-02-13,2025-03-15,4486.93,EUR,Paid,4486.93,2025-04-03,0.0,49.0,2025-02,True,False,True
INV000088,CUST0048,2025-02-02,2025-03-04,17390.65,EUR,Open,0.0,,17390.65,,2025-02,False,True,False
INV000089,CUST0019,2025-02-18,2025-03-20,5311.95,EUR,Paid,5311.95,2025-02-24,0.0,6.0,2025-02,True,False,False
INV000090,CUST0010,2025-02-15,2025-03-17,6496.8,EUR,Open,0.0,,6496.8,,2025-02,False,True,False
INV000091,CUST0042,2025-02-15,2025-03-17,13129.74,EUR,Paid,13129.74,2025-02-17,0.0,2.0,2025-02,True,False,False
INV000092,CUST0032,2025-02-17,2025-03-19,8470.92,EUR,Paid,8470.92,2025-04-20,0.0,62.0,2025-02,True,False,True
INV000093,CUST0065,2025-02-01,2025-03-03,8047.59,EUR,Paid,8047.59,2025-03-05,0.0,32.0,2025-02,True,False,True
INV000094,CUST0011,2025-02-10,2025-03-27,2907.38,EUR,Paid,2907.38,2025-02-23,0.0,13.0,2025-02,True,False,False
INV000095,CUST0034,2025-02-15,2025-03-17,8228.38,EUR,Paid,8228.38,2025-03-09,0.0,22.0,2025-02,True,False,False
INV000096,CUST0020,2025-02-02,2025-03-04,9516.41,EUR,Open,0.0,,9516.41,,2025-02,False,True,False
INV000097,CUST0049,2025-02-17,2025-03-19,5794.94,EUR,Paid,5794.94,2025-03-07,0.0,18.0,2025-02,True,False,False
INV000098,CUST0006,2025-02-11,2025-03-13,3778.39,EUR,Paid,3778.39,2025-02-28,0.0,17.0,2025-02,True,False,False
INV000099,CUST0070,2025-02-02,2025-03-04,7304.84,EUR,Open,0.0,,7304.84,,2025-02,False,True,False
INV000100,CUST0043,2025-02-06,2025-02-20,7130.24,EUR,Paid,7130.24,2025-02-13,0.0,7.0,2025-02,True,False,False
INV000101,CUST0057,2025-02-03,2025-03-05,3062.49,EUR,Paid,3062.49,2025-03-10,0.0,35.0,2025-02,True,False,True
INV000102,CUST0026,2025-02-09,2025-03-11,1508.38,EUR,Paid,1508.38,2025-03-04,0.0,23.0,2025-02,True,False,False
INV000103,CUST0038,2025-02-07,2025-03-09,450.0,EUR,Paid,450.0,2025-02-18,0.0,11.0,2025-02,True,False,False
INV000104,CUST0079,2025-02-19,2025-03-21,450.0,EUR,Paid,450.0,2025-03-10,0.0,19.0,2025-02,True,False,False
INV000105,CUST0053,2025-02-11,2025-02-25,2708.48,EUR,Paid,2708.48,2025-03-06,0.0,23.0,2025-02,True,False,True
INV000106,CUST0077,2025-02-06,2025-02-20,7943.29,EUR,Paid,7943.29,2025-02-26,0.0,20.0,2025-02,True,False,True
INV000107,CUST0061,2025-02-17,2025-03-03,8423.28,EUR,Paid,8423.28,2025-02-24,0.0,7.0,2025-02,True,False,False
INV000108,CUST0013,2025-02-18,2025-03-20,4399.04,EUR,Paid,4399.04,2025-04-11,0.0,52.0,2025-02,True,False,True
INV000109,CUST0066,2025-02-14,2025-03-16,4804.15,EUR,Paid,4804.15,2025-03-02,0.0,16.0,2025-02,True,False,False
INV000110,CUST0045,2025-02-13,2025-02-27,5054.58,EUR,Paid,5054.58,2025-03-01,0.0,16.0,2025-02,True,False,True
INV000111,CUST0014,2025-03-05,2025-04-04,8419.6,EUR,Paid,8419.6,2025-03-21,0.0,16.0,2025-03,True,False,False
INV000112,CUST0005,2025-03-03,2025-04-02,11364.29,EUR,Open,0.0,,11364.29,,2025-03,False,True,False
INV000113,CUST0046,2025-03-12,2025-04-11,4757.63,EUR,Open,0.0,,4757.63,,2025-03,False,True,False
INV000114,CUST0071,2025-03-17,2025-03-31,13686.31,EUR,Paid,13686.31,2025-04-07,0.0,21.0,2025-03,True,False,True
INV000115,CUST0013,2025-03-10,2025-04-09,4884.82,EUR,Open,0.0,,4884.82,,2025-03,False,True,False
INV000116,CUST0027,2025-03-10,2025-03-24,13744.49,EUR,Paid,13744.49,2025-04-02,0.0,23.0,2025-03,True,False,True
INV000117,CUST0034,2025-03-13,2025-04-12,10059.04,EUR,Paid,10059.04,2025-04-10,0.0,28.0,2025-03,True,False,False
INV000118,CUST0060,2025-03-11,2025-04-10,9829.98,EUR,Paid,9829.98,2025-05-03,0.0,53.0,2025-03,True,False,True
INV000119,CUST0009,2025-03-19,2025-04-02,7969.94,EUR,Open,0.0,,7969.94,,2025-03,False,True,False
INV000120,CUST0039,2025-03-03,2025-04-02,8341.78,EUR,Paid,8341.78,2025-04-01,0.0,29.0,2025-03,True,False,False
INV000121,CUST0061,2025-03-08,2025-03-22,10430.71,EUR,Paid,10430.71,2025-03-10,0.0,2.0,2025-03,True,False,False
INV000122,CUST0032,2025-03-07,2025-04-06,6403.01,EUR,Paid,6403.01,2025-04-05,0.0,29.0,2025-03,True,False,False
INV000123,CUST0017,2025-03-18,2025-04-01,10312.35,EUR,Open,0.0,,10312.35,,2025-03,False,True,False
INV000124,CUST0016,2025-03-01,2025-03-31,1056.95,EUR,Open,0.0,,1056.95,,2025-03,False,True,False
INV000125,CUST0070,2025-03-13,2025-04-12,5092.15,EUR,Paid,5092.15,2025-04-05,0.0,23.0,2025-03,True,False,False
INV000126,CUST0043,2025-03-06,2025-04-05,5986.47,EUR,Paid,5986.47,2025-03-11,0.0,5.0,2025-03,True,False,False
INV000127,CUST0064,2025-03-14,2025-04-13,6798.64,EUR,Paid,6798.64,2025-04-04,0.0,21.0,2025-03,True,False,False
INV000128,CUST0069,2025-03-12,2025-04-11,8089.55,EUR,Paid,8089.55,2025-03-27,0.0,15.0,2025-03,True,False,False
INV000129,CUST0026,2025-03-13,2025-04-27,1447.13,EUR,Open,0.0,,1447.13,,2025-03,False,True,False
INV000130,CUST0018,2025-03-18,2025-05-02,8910.02,EUR,Open,0.0,,8910.02,,2025-03,False,True,False
INV000131,CUST0035,2025-03-18,2025-04-17,7836.29,EUR,Open,0.0,,7836.29,,2025-03,False,True,False
INV000132,CUST0041,2025-03-13,2025-04-27,6487.14,EUR,Paid,6487.14,2025-04-10,0.0,28.0,2025-03,True,False,False
INV000133,CUST0057,2025-03-06,2025-04-05,450.0,EUR,Open,0.0,,450.0,,2025-03,False,True,False
INV000134,CUST0015,2025-03-09,2025-04-23,4276.49,EUR,Open,0.0,,4276.49,,2025-03,False,True,False
INV000135,CUST0010,2025-03-04,2025-04-03,6941.18,EUR,Paid,6941.18,2025-04-14,0.0,41.0,2025-03,True,False,True
INV000136,CUST0024,2025-03-17,2025-05-01,2784.36,EUR,Paid,2784.36,2025-03-18,0.0,1.0,2025-03,True,False,False
INV000137,CUST0040,2025-03-14,2025-04-28,7706.72,EUR,Paid,7706.72,2025-04-01,0.0,18.0,2025-03,True,False,False
INV000138,CUST0022,2025-03-01,2025-03-31,6660.93,EUR,Paid,6660.93,2025-04-29,0.0,59.0,2025-03,True,False,True
INV000139,CUST0045,2025-03-18,2025-04-17,5462.09,EUR,Paid,5462.09,2025-04-22,0.0,35.0,2025-03,True,False,True
INV000140,CUST0059,2025-03-12,2025-03-26,5401.72,EUR,Paid,5401.72,2025-04-02,0.0,21.0,2025-03,True,False,True
INV000141,CUST0054,2025-03-10,2025-03-24,7501.59,EUR,Paid,7501.59,2025-03-14,0.0,4.0,2025-03,True,False,False
INV000142,CUST0006,2025-03-05,2025-04-04,2945.92,EUR,Paid,2945.92,2025-03-29,0.0,24.0,2025-03,True,False,False
INV000143,CUST0077,2025-03-14,2025-04-13,4157.76,EUR,Paid,4157.76,2025-03-17,0.0,3.0,2025-03,True,False,False
INV000144,CUST0020,2025-03-01,2025-03-31,7309.79,EUR,Paid,7309.79,2025-03-12,0.0,11.0,2025-03,True,False,False
INV000145,CUST0038,2025-03-05,2025-04-04,5423.25,EUR,Paid,5423.25,2025-03-08,0.0,3.0,2025-03,True,False,False
INV000146,CUST0055,2025-03-08,2025-04-07,8790.89,EUR,Paid,8790.89,2025-03-15,0.0,7.0,2025-03,True,False,False
INV000147,CUST0025,2025-03-15,2025-03-29,5556.35,EUR,Paid,5556.35,2025-04-25,0.0,41.0,2025-03,True,False,True
INV000148,CUST0050,2025-03-03,2025-03-17,13661.68,EUR,Open,0.0,,13661.68,,2025-03,False,True,False
INV000149,CUST0058,2025-03-18,2025-04-17,7063.38,EUR,Paid,7063.38,2025-04-25,0.0,38.0,2025-03,True,False,True
INV000150,CUST0001,2025-03-18,2025-04-17,7129.37,EUR,Open,0.0,,7129.37,,2025-03,False,True,False
INV000151,CUST0066,2025-03-05,2025-04-04,1340.43,EUR,Paid,1340.43,2025-04-10,0.0,36.0,2025-03,True,False,True
INV000152,CUST0051,2025-03-09,2025-04-08,9134.47,EUR,Open,0.0,,9134.47,,2025-03,False,True,False
INV000153,CUST0004,2025-03-01,2025-03-31,7330.55,EUR,Open,0.0,,7330.55,,2025-03,False,True,False
INV000154,CUST0031,2025-03-01,2025-03-31,5595.73,EUR,Paid,5595.73,2025-04-24,0.0,54.0,2025-03,True,False,True
INV000155,CUST0011,2025-03-05,2025-03-19,3924.91,EUR,Paid,3924.91,2025-03-26,0.0,21.0,2025-03,True,False,True
INV000156,CUST0076,2025-03-02,2025-04-16,6425.16,EUR,Paid,6425.16,2025-03-14,0.0,12.0,2025-03,True,False,False
INV000157,CUST0073,2025-03-06,2025-04-05,6995.57,EUR,Open,0.0,,6995.57,,2025-03,False,True,False
INV000158,CUST0036,2025-03-18,2025-04-17,450.0,EUR,Paid,450.0,2025-03-19,0.0,1.0,2025-03,True,False,False
INV000159,CUST0074,2025-03-13,2025-04-12,7808.22,EUR,Paid,7808.22,2025-03-31,0.0,18.0,2025-03,True,False,False
INV000160,CUST0030,2025-03-01,2025-03-31,8323.71,EUR,Paid,8323.71,2025-03-02,0.0,1.0,2025-03,True,False,False
INV000161,CUST0003,2025-03-06,2025-04-20,11458.99,EUR,Paid,11458.99,2025-03-07,0.0,1.0,2025-03,True,False,False
INV000162,CUST0065,2025-03-14,2025-03-28,10923.01,EUR,Paid,10923.01,2025-03-15,0.0,1.0,2025-03,True,False,False
INV000163,CUST0049,2025-03-13,2025-04-27,7836.7,EUR,Paid,7836.7,2025-05-22,0.0,70.0,2025-03,True,False,True
INV000164,CUST0068,2025-03-06,2025-04-05,7804.39,EUR,Open,0.0,,7804.39,,2025-03,False,True,False
INV000165,CUST0008,2025-03-09,2025-04-08,4839.67,EUR,Open,0.0,,4839.67,,2025-03,False,True,False
INV000166,CUST0016,2025-04-05,2025-05-05,450.0,EUR,Paid,450.0,2025-05-14,0.0,39.0,2025-04,True,False,True
INV000167,CUST0037,2025-04-12,2025-05-12,5524.52,EUR,Paid,5524.52,2025-05-21,0.0,39.0,2025-04,True,False,True
INV000168,CUST0003,2025-04-19,2025-05-19,5014.1,EUR,Open,0.0,,5014.1,,2025-04,False,True,False
INV000169,CUST0055,2025-04-06,2025-05-06,8081.12,EUR,Paid,8081.12,2025-05-20,0.0,44.0,2025-04,True,False,True
INV000170,CUST0017,2025-04-01,2025-05-01,10641.57,EUR,Paid,10641.57,2025-04-20,0.0,19.0,2025-04,True,False,False
INV000171,CUST0011,2025-04-14,2025-05-14,6104.26,EUR,Open,0.0,,6104.26,,2025-04,False,True,False
INV000172,CUST0039,2025-04-12,2025-04-26,9049.73,EUR,Paid,9049.73,2025-05-11,0.0,29.0,2025-04,True,False,True
INV000173,CUST0070,2025-04-13,2025-04-27,7965.82,EUR,Open,0.0,,7965.82,,2025-04,False,True,False
INV000174,CUST0056,2025-04-13,2025-05-28,1236.6,EUR,Paid,1236.6,2025-05-10,0.0,27.0,2025-04,True,False,False
INV000175,CUST0009,2025-04-14,2025-05-14,3725.26,EUR,Paid,3725.26,2025-05-14,0.0,30.0,2025-04,True,False,False
INV000176,CUST0066,2025-04-05,2025-05-05,5283.96,EUR,Paid,5283.96,2025-04-10,0.0,5.0,2025-04,True,False,False
INV000177,CUST0080,2025-04-06,2025-05-06,9224.2,EUR,Paid,9224.2,2025-04-20,0.0,14.0,2025-04,True,False,False
INV000178,CUST0031,2025-04-17,2025-05-17,4696.92,EUR,Open,0.0,,4696.92,,2025-04,False,True,False
INV000179,CUST0058,2025-04-05,2025-05-05,4754.3,EUR,Paid,4754.3,2025-04-11,0.0,6.0,2025-04,True,False,False
INV000180,CUST0069,2025-04-18,2025-05-18,7056.45,EUR,Paid,7056.45,2025-05-18,0.0,30.0,2025-04,True,False,False
INV000181,CUST0020,2025-04-14,2025-05-14,8733.81,EUR,Paid,8733.81,2025-04-15,0.0,1.0,2025-04,True,False,False
INV000182,CUST0050,2025-04-04,2025-05-04,10221.9,EUR,Paid,10221.9,2025-05-03,0.0,29.0,2025-04,True,False,False
INV000183,CUST0074,2025-04-01,2025-05-01,10284.59,EUR,Open,0.0,,10284.59,,2025-04,False,True,False
INV000184,CUST0057,2025-04-14,2025-05-29,450.0,EUR,Paid,450.0,2025-04-23,0.0,9.0,2025-04,True,False,False
INV000185,CUST0073,2025-04-10,2025-05-10,4601.35,EUR,Paid,4601.35,2025-04-18,0.0,8.0,2025-04,True,False,False
INV000186,CUST0042,2025-04-06,2025-05-06,12359.8,EUR,Paid,12359.8,2025-05-02,0.0,26.0,2025-04,True,False,False
INV000187,CUST0064,2025-04-04,2025-05-04,7779.71,EUR,Paid,7779.71,2025-04-25,0.0,21.0,2025-04,True,False,False
INV000188,CUST0030,2025-04-05,2025-05-05,8668.92,EUR,Paid,8668.92,2025-05-24,0.0,49.0,2025-04,True,False,True
INV000189,CUST0076,2025-04-16,2025-05-16,2454.43,EUR,Paid,2454.43,2025-04-24,0.0,8.0,2025-04,True,False,False
INV000190,CUST0006,2025-04-04,2025-05-04,2446.91,EUR,Paid,2446.91,2025-05-11,0.0,37.0,2025-04,True,False,True
INV000191,CUST0005,2025-04-01,2025-05-01,7463.8,EUR,Paid,7463.8,2025-05-08,0.0,37.0,2025-04,True,False,True
INV000192,CUST0035,2025-04-18,2025-05-18,8430.25,EUR,Paid,8430.25,2025-05-19,0.0,31.0,2025-04,True,False,True
INV000193,CUST0041,2025-04-09,2025-05-09,4116.5,EUR,Paid,4116.5,2025-04-10,0.0,1.0,2025-04,True,False,False
INV000194,CUST0019,2025-04-07,2025-05-07,8328.19,EUR,Open,0.0,,8328.19,,2025-04,False,True,False
INV000195,CUST0028,2025-04-01,2025-05-01,2242.66,EUR,Paid,2242.66,2025-05-15,0.0,44.0,2025-04,True,False,True
INV000196,CUST0046,2025-04-02,2025-05-02,5906.77,EUR,Paid,5906.77,2025-05-11,0.0,39.0,2025-04,True,False,True
INV000197,CUST0022,2025-04-13,2025-05-13,11106.87,EUR,Paid,11106.87,2025-05-10,0.0,27.0,2025-04,True,False,False
INV000198,CUST0024,2025-04-04,2025-05-04,7084.11,EUR,Paid,7084.11,2025-04-24,0.0,20.0,2025-04,True,False,False
INV000199,CUST0025,2025-04-05,2025-05-05,10049.12,EUR,Paid,10049.12,2025-04-06,0.0,1.0,2025-04,True,False,False
INV000200,CUST0001,2025-04-09,2025-05-24,10238.98,EUR,Paid,10238.98,2025-04-13,0.0,4.0,2025-04,True,False,False
INV000201,CUST0004,2025-04-12,2025-05-27,8042.78,EUR,Paid,8042.78,2025-06-15,0.0,64.0,2025-04,True,False,True
INV000202,CUST0077,2025-04-08,2025-05-23,5058.24,EUR,Paid,5058.24,2025-05-03,0.0,25.0,2025-04,True,False,False
INV000203,CUST0034,2025-04-14,2025-05-14,11675.74,EUR,Paid,11675.74,2025-04-26,0.0,12.0,2025-04,True,False,False
INV000204,CUST0015,2025-04-19,2025-05-19,7672.73,EUR,Paid,7672.73,2025-05-29,0.0,40.0,2025-04,True,False,True
INV000205,CUST0038,2025-04-06,2025-05-21,581.27,EUR,Paid,581.27,2025-05-17,0.0,41.0,2025-04,True,False,False
INV000206,CUST0029,2025-04-08,2025-05-23,7571.55,EUR,Paid,7571.55,2025-06-16,0.0,69.0,2025-04,True,False,True
INV000207,CUST0052,2025-04-17,2025-06-01,5555.94,EUR,Paid,5555.94,2025-04-23,0.0,6.0,2025-04,True,False,False
INV000208,CUST0053,2025-04-11,2025-05-11,4253.33,EUR,Paid,4253.33,2025-05-18,0.0,37.0,2025-04,True,False,True
INV000209,CUST0060,2025-04-03,2025-05-03,8475.93,EUR,Paid,8475.93,2025-05-21,0.0,48.0,2025-04,True,False,True
INV000210,CUST0072,2025-04-04,2025-05-04,7663.24,EUR,Paid,7663.24,2025-04-27,0.0,23.0,2025-04,True,False,False
INV000211,CUST0059,2025-04-18,2025-05-18,7335.68,EUR,Paid,7335.68,2025-05-22,0.0,34.0,2025-04,True,False,True
INV000212,CUST0048,2025-04-03,2025-05-03,13363.33,EUR,Paid,13363.33,2025-05-10,0.0,37.0,2025-04,True,False,True
INV000213,CUST0049,2025-04-10,2025-05-25,10857.95,EUR,Open,0.0,,10857.95,,2025-04,False,True,False
INV000214,CUST0023,2025-04-09,2025-05-09,7565.58,EUR,Paid,7565.58,2025-05-23,0.0,44.0,2025-04,True,False,True
INV000215,CUST0079,2025-04-10,2025-04-24,450.0,EUR,Paid,450.0,2025-05-11,0.0,31.0,2025-04,True,False,True
INV000216,CUST0018,2025-04-06,2025-05-06,10264.38,EUR,Open,0.0,,10264.38,,2025-04,False,True,False
INV000217,CUST0043,2025-04-17,2025-05-01,10592.7,EUR,Paid,10592.7,2025-05-02,0.0,15.0,2025-04,True,False,True
INV000218,CUST0068,2025-04-11,2025-05-11,10375.31,EUR,Paid,10375.31,2025-05-08,0.0,27.0,2025-04,True,False,False
INV000219,CUST0033,2025-04-08,2025-04-22,6304.68,EUR,Open,0.0,,6304.68,,2025-04,False,True,False
INV000220,CUST0040,2025-04-09,2025-04-23,7994.47,EUR,Paid,7994.47,2025-04-10,0.0,1.0,2025-04,True,False,False
INV000221,CUST0004,2025-05-03,2025-06-02,9696.73,EUR,Paid,9696.73,2025-05-25,0.0,22.0,2025-05,True,False,False
INV000222,CUST0042,2025-05-08,2025-06-07,12313.77,EUR,Paid,12313.77,2025-06-20,0.0,43.0,2025-05,True,False,True
INV000223,CUST0060,2025-05-08,2025-05-22,11304.8,EUR,Open,0.0,,11304.8,,2025-05,False,True,False
INV000224,CUST0055,2025-05-07,2025-06-06,5466.64,EUR,Paid,5466.64,2025-05-17,0.0,10.0,2025-05,True,False,False
INV000225,CUST0053,2025-05-15,2025-06-14,3996.51,EUR,Paid,3996.51,2025-05-30,0.0,15.0,2025-05,True,False,False
INV000226,CUST0017,2025-05-04,2025-05-18,9300.17,EUR,Open,0.0,,9300.17,,2025-05,False,True,False
INV000227,CUST0016,2025-05-18,2025-06-17,450.0,EUR,Paid,450.0,2025-06-01,0.0,14.0,2025-05,True,False,False
INV000228,CUST0070,2025-05-17,2025-06-16,4201.74,EUR,Paid,4201.74,2025-06-05,0.0,19.0,2025-05,True,False,False
INV000229,CUST0041,2025-05-09,2025-06-08,1891.27,EUR,Open,0.0,,1891.27,,2025-05,False,True,False
INV000230,CUST0076,2025-05-19,2025-06-02,8415.39,EUR,Open,0.0,,8415.39,,2025-05,False,True,False
INV000231,CUST0011,2025-05-17,2025-05-31,4333.43,EUR,Paid,4333.43,2025-05-18,0.0,1.0,2025-05,True,False,False
INV000232,CUST0045,2025-05-07,2025-06-06,4433.48,EUR,Paid,4433.48,2025-05-14,0.0,7.0,2025-05,True,False,False
INV000233,CUST0071,2025-05-18,2025-06-01,10616.0,EUR,Paid,10616.0,2025-07-17,0.0,60.0,2025-05,True,False,True
INV000234,CUST0059,2025-05-14,2025-06-28,8354.21,EUR,Paid,8354.21,2025-07-05,0.0,52.0,2025-05,True,False,True
INV000235,CUST0063,2025-05-12,2025-05-26,8495.98,EUR,Paid,8495.98,2025-06-01,0.0,20.0,2025-05,True,False,True
INV000236,CUST0037,2025-05-01,2025-05-15,7983.1,EUR,Paid,7983.1,2025-05-23,0.0,22.0,2025-05,True,False,True
INV000237,CUST0068,2025-05-05,2025-06-04,9487.64,EUR,Paid,9487.64,2025-06-17,0.0,43.0,2025-05,True,False,True
INV000238,CUST0050,2025-05-10,2025-06-09,10949.61,EUR,Open,0.0,,10949.61,,2025-05,False,True,False
INV000239,CUST0069,2025-05-12,2025-06-26,7647.21,EUR,Open,0.0,,7647.21,,2025-05,False,True,False
INV000240,CUST0001,2025-05-19,2025-06-18,11958.09,EUR,Paid,11958.09,2025-06-10,0.0,22.0,2025-05,True,False,False
INV000241,CUST0079,2025-05-12,2025-05-26,450.0,EUR,Open,0.0,,450.0,,2025-05,False,True,False
INV000242,CUST0077,2025-05-01,2025-05-31,5762.55,EUR,Paid,5762.55,2025-06-28,0.0,58.0,2025-05,True,False,True
INV000243,CUST0080,2025-05-08,2025-06-07,7529.63,EUR,Open,0.0,,7529.63,,2025-05,False,True,False
INV000244,CUST0025,2025-05-02,2025-06-16,10319.47,EUR,Paid,10319.47,2025-06-06,0.0,35.0,2025-05,True,False,False
INV000245,CUST0005,2025-05-13,2025-06-12,12686.21,EUR,Open,0.0,,12686.21,,2025-05,False,True,False
INV000246,CUST0030,2025-05-02,2025-06-01,7768.58,EUR,Paid,7768.58,2025-06-16,0.0,45.0,2025-05,True,False,True
INV000247,CUST0032,2025-05-08,2025-06-07,11173.05,EUR,Paid,11173.05,2025-05-25,0.0,17.0,2025-05,True,False,False
INV000248,CUST0006,2025-05-17,2025-06-16,610.14,EUR,Paid,610.14,2025-06-27,0.0,41.0,2025-05,True,False,True
INV000249,CUST0043,2025-05-12,2025-05-26,8304.28,EUR,Paid,8304.28,2025-06-12,0.0,31.0,2025-05,True,False,True
INV000250,CUST0029,2025-05-03,2025-05-17,10187.63,EUR,Paid,10187.63,2025-05-20,0.0,17.0,2025-05,True,False,True
INV000251,CUST0052,2025-05-10,2025-06-09,8455.04,EUR,Paid,8455.04,2025-06-12,0.0,33.0,2025-05,True,False,True
INV000252,CUST0049,2025-05-19,2025-06-18,10826.47,EUR,Paid,10826.47,2025-06-27,0.0,39.0,2025-05,True,False,True
INV000253,CUST0026,2025-05-07,2025-05-21,1142.87,EUR,Open,0.0,,1142.87,,2025-05,False,True,False
INV000254,CUST0057,2025-05-14,2025-05-28,2516.82,EUR,Paid,2516.82,2025-06-26,0.0,43.0,2025-05,True,False,True
INV000255,CUST0015,2025-05-07,2025-06-06,6524.44,EUR,Paid,6524.44,2025-07-05,0.0,59.0,2025-05,True,False,True
INV000256,CUST0036,2025-05-13,2025-05-27,2953.76,EUR,Paid,2953.76,2025-06-15,0.0,33.0,2025-05,True,False,True
INV000257,CUST0039,2025-05-08,2025-06-07,3951.44,EUR,Paid,3951.44,2025-06-17,0.0,40.0,2025-05,True,False,True
INV000258,CUST0013,2025-05-06,2025-06-05,7572.08,EUR,Paid,7572.08,2025-05-31,0.0,25.0,2025-05,True,False,False
INV000259,CUST0009,2025-05-05,2025-06-19,2659.83,EUR,Open,0.0,,2659.83,,2025-05,False,True,False
INV000260,CUST0073,2025-05-16,2025-06-15,2415.49,EUR,Open,0.0,,2415.49,,2025-05,False,True,False
INV000261,CUST0010,2025-05-10,2025-06-09,9208.75,EUR,Open,0.0,,9208.75,,2025-05,False,True,False
INV000262,CUST0056,2025-05-16,2025-05-30,5157.38,EUR,Open,0.0,,5157.38,,2025-05,False,True,False
INV000263,CUST0051,2025-05-09,2025-06-08,6654.99,EUR,Paid,6654.99,2025-07-06,0.0,58.0,2025-05,True,False,True
INV000264,CUST0035,2025-05-08,2025-06-07,8117.34,EUR,Paid,8117.34,2025-05-09,0.0,1.0,2025-05,True,False,False
INV000265,CUST0048,2025-05-01,2025-05-31,19190.69,EUR,Paid,19190.69,2025-05-02,0.0,1.0,2025-05,True,False,False
INV000266,CUST0046,2025-05-11,2025-06-10,3580.21,EUR,Paid,3580.21,2025-05-12,0.0,1.0,2025-05,True,False,False
INV000267,CUST0023,2025-05-01,2025-05-31,5347.03,EUR,Open,0.0,,5347.03,,2025-05,False,True,False
INV000268,CUST0054,2025-05-15,2025-05-29,10688.39,EUR,Paid,10688.39,2025-06-25,0.0,41.0,2025-05,True,False,True
INV000269,CUST0019,2025-05-17,2025-07-01,6934.24,EUR,Paid,6934.24,2025-06-01,0.0,15.0,2025-05,True,False,False
INV000270,CUST0008,2025-05-02,2025-05-16,4167.7,EUR,Paid,4167.7,2025-06-20,0.0,49.0,2025-05,True,False,True
INV000271,CUST0034,2025-05-19,2025-06-18,12241.73,EUR,Paid,12241.73,2025-06-05,0.0,17.0,2025-05,True,False,False
INV000272,CUST0021,2025-05-11,2025-06-10,7908.32,EUR,Paid,7908.32,2025-06-07,0.0,27.0,2025-05,True,False,False
INV000273,CUST0072,2025-05-02,2025-06-16,9961.8,EUR,Open,0.0,,9961.8,,2025-05,False,True,False
INV000274,CUST0038,2025-05-12,2025-05-26,1343.06,EUR,Paid,1343.06,2025-05-29,0.0,17.0,2025-05,True,False,True
INV000275,CUST0022,2025-05-05,2025-06-04,7303.86,EUR,Paid,7303.86,2025-05-18,0.0,13.0,2025-05,True,False,False
INV000276,CUST0041,2025-06-17,2025-07-17,1525.88,EUR,Open,0.0,,1525.88,,2025-06,False,True,False
INV000277,CUST0003,2025-06-03,2025-07-03,6651.26,EUR,Open,0.0,,6651.26,,2025-06,False,True,False
INV000278,CUST0021,2025-06-05,2025-07-05,8811.35,EUR,Paid,8811.35,2025-06-20,0.0,15.0,2025-06,True,False,False
INV000279,CUST0020,2025-06-08,2025-06-22,9719.33,EUR,Paid,9719.33,2025-06-26,0.0,18.0,2025-06,True,False,True
INV000280,CUST0024,2025-06-05,2025-07-05,6172.72,EUR,Paid,6172.72,2025-06-27,0.0,22.0,2025-06,True,False,False
INV000281,CUST0023,2025-06-03,2025-07-03,7865.43,EUR,Paid,7865.43,2025-06-14,0.0,11.0,2025-06,True,False,False
INV000282,CUST0073,2025-06-14,2025-07-14,5251.77,EUR,Open,0.0,,5251.77,,2025-06,False,True,False
INV000283,CUST0033,2025-06-10,2025-07-25,7321.26,EUR,Open,0.0,,7321.26,,2025-06,False,True,False
INV000284,CUST0040,2025-06-04,2025-07-04,8150.86,EUR,Paid,8150.86,2025-06-11,0.0,7.0,2025-06,True,False,False
INV000285,CUST0080,2025-06-03,2025-07-03,8322.18,EUR,Paid,8322.18,2025-06-04,0.0,1.0,2025-06,True,False,False
INV000286,CUST0058,2025-06-16,2025-07-16,5666.74,EUR,Paid,5666.74,2025-07-06,0.0,20.0,2025-06,True,False,False
INV000287,CUST0061,2025-06-04,2025-07-04,11769.88,EUR,Open,0.0,,11769.88,,2025-06,False,True,False
INV000288,CUST0063,2025-06-06,2025-07-21,7966.6,EUR,Paid,7966.6,2025-07-29,0.0,53.0,2025-06,True,False,True
INV000289,CUST0070,2025-06-13,2025-07-13,6906.8,EUR,Paid,6906.8,2025-06-14,0.0,1.0,2025-06,True,False,False
INV000290,CUST0035,2025-06-03,2025-07-03,6038.75,EUR,Paid,6038.75,2025-06-23,0.0,20.0,2025-06,True,False,False
INV000291,CUST0064,2025-06-15,2025-07-15,9167.0,EUR,Paid,9167.0,2025-06-29,0.0,14.0,2025-06,True,False,False
INV000292,CUST0068,2025-06-15,2025-06-29,9733.36,EUR,Paid,9733.36,2025-07-29,0.0,44.0,2025-06,True,False,True
INV000293,CUST0043,2025-06-18,2025-07-18,5924.15,EUR,Paid,5924.15,2025-06-23,0.0,5.0,2025-06,True,False,False
INV000294,CUST0039,2025-06-13,2025-07-13,6540.85,EUR,Paid,6540.85,2025-07-21,0.0,38.0,2025-06,True,False,True
INV000295,CUST0059,2025-06-11,2025-07-11,4265.96,EUR,Paid,4265.96,2025-08-06,0.0,56.0,2025-06,True,False,True
INV000296,CUST0017,2025-06-11,2025-07-26,6221.87,EUR,Paid,6221.87,2025-07-06,0.0,25.0,2025-06,True,False,False
INV000297,CUST0038,2025-06-04,2025-07-04,3987.24,EUR,Paid,3987.24,2025-07-14,0.0,40.0,2025-06,True,False,True
INV000298,CUST0053,2025-06-12,2025-06-26,3642.44,EUR,Paid,3642.44,2025-06-28,0.0,16.0,2025-06,True,False,True
INV000299,CUST0034,2025-06-10,2025-07-25,6728.33,EUR,Paid,6728.33,2025-08-25,0.0,76.0,2025-06,True,False,True
INV000300,CUST0065,2025-06-10,2025-07-10,6065.63,EUR,Open,0.0,,6065.63,,2025-06,False,True,False
INV000301,CUST0042,2025-06-10,2025-07-25,12931.51,EUR,Paid,12931.51,2025-07-22,0.0,42.0,2025-06,True,False,False
INV000302,CUST0018,2025-06-06,2025-07-06,9197.93,EUR,Paid,9197.93,2025-07-10,0.0,34.0,2025-06,True,False,True
INV000303,CUST0005,2025-06-03,2025-06-17,12621.1,EUR,Paid,12621.1,2025-06-26,0.0,23.0,2025-06,True,False,True
INV000304,CUST0057,2025-06-02,2025-07-02,1955.86,EUR,Open,0.0,,1955.86,,2025-06,False,True,False
INV000305,CUST0051,2025-06-06,2025-07-06,9071.66,EUR,Paid,9071.66,2025-06-22,0.0,16.0,2025-06,True,False,False
INV000306,CUST0008,2025-06-08,2025-06-22,8348.11,EUR,Paid,8348.11,2025-07-21,0.0,43.0,2025-06,True,False,True
INV000307,CUST0014,2025-06-18,2025-07-18,7815.75,EUR,Paid,7815.75,2025-07-20,0.0,32.0,2025-06,True,False,True
INV000308,CUST0045,2025-06-11,2025-07-26,7408.75,EUR,Paid,7408.75,2025-07-02,0.0,21.0,2025-06,True,False,False
INV000309,CUST0036,2025-06-12,2025-06-26,1800.76,EUR,Paid,1800.76,2025-07-25,0.0,43.0,2025-06,True,False,True
INV000310,CUST0056,2025-06-10,2025-06-24,7308.5,EUR,Paid,7308.5,2025-07-13,0.0,33.0,2025-06,True,False,True
INV000311,CUST0060,2025-06-18,2025-07-18,9098.99,EUR,Open,0.0,,9098.99,,2025-06,False,True,False
INV000312,CUST0032,2025-06-08,2025-07-08,10116.11,EUR,Paid,10116.11,2025-08-09,0.0,62.0,2025-06,True,False,True
INV000313,CUST0071,2025-06-13,2025-07-28,9261.62,EUR,Paid,9261.62,2025-07-06,0.0,23.0,2025-06,True,False,False
INV000314,CUST0027,2025-06-08,2025-07-08,13603.86,EUR,Paid,13603.86,2025-07-05,0.0,27.0,2025-06,True,False,False
INV000315,CUST0013,2025-06-01,2025-07-01,5319.87,EUR,Paid,5319.87,2025-06-25,0.0,24.0,2025-06,True,False,False
INV000316,CUST0079,2025-06-17,2025-07-17,450.0,EUR,Paid,450.0,2025-07-28,0.0,41.0,2025-06,True,False,True
INV000317,CUST0069,2025-06-16,2025-06-30,9631.36,EUR,Paid,9631.36,2025-07-09,0.0,23.0,2025-06,True,False,True
INV000318,CUST0025,2025-06-17,2025-07-01,6982.64,EUR,Open,0.0,,6982.64,,2025-06,False,True,False
INV000319,CUST0074,2025-06-18,2025-07-18,13080.6,EUR,Paid,13080.6,2025-06-19,0.0,1.0,2025-06,True,False,False
INV000320,CUST0001,2025-06-13,2025-07-13,13236.66,EUR,Paid,13236.66,2025-08-14,0.0,62.0,2025-06,True,False,True
INV000321,CUST0004,2025-06-14,2025-07-14,10494.05,EUR,Paid,10494.05,2025-08-17,0.0,64.0,2025-06,True,False,True
INV000322,CUST0016,2025-06-03,2025-07-03,3005.59,EUR,Open,0.0,,3005.59,,2025-06,False,True,False
INV000323,CUST0015,2025-06-04,2025-07-19,9943.52,EUR,Paid,9943.52,2025-06-27,0.0,23.0,2025-06,True,False,False
INV000324,CUST0049,2025-06-03,2025-07-03,9074.36,EUR,Paid,9074.36,2025-06-04,0.0,1.0,2025-06,True,False,False
INV000325,CUST0029,2025-06-03,2025-07-03,12290.89,EUR,Open,0.0,,12290.89,,2025-06,False,True,False
INV000326,CUST0076,2025-06-07,2025-07-22,6062.21,EUR,Open,0.0,,6062.21,,2025-06,False,True,False
INV000327,CUST0066,2025-06-01,2025-07-01,5383.94,EUR,Paid,5383.94,2025-07-08,0.0,37.0,2025-06,True,False,True
INV000328,CUST0072,2025-06-10,2025-07-10,13688.04,EUR,Paid,13688.04,2025-07-23,0.0,43.0,2025-06,True,False,True
INV000329,CUST0050,2025-06-08,2025-07-08,9852.91,EUR,Paid,9852.91,2025-07-08,0.0,30.0,2025-06,True,False,False
INV000330,CUST0026,2025-06-02,2025-07-02,7313.85,EUR,Paid,7313.85,2025-06-26,0.0,24.0,2025-06,True,False,False
INV000331,CUST0057,2025-07-07,2025-08-06,3362.66,EUR,Paid,3362.66,2025-07-18,0.0,11.0,2025-07,True,False,False
INV000332,CUST0016,2025-07-02,2025-08-16,1799.59,EUR,Paid,1799.59,2025-08-06,0.0,35.0,2025-07,True,False,False
INV000333,CUST0045,2025-07-05,2025-07-19,6865.71,EUR,Paid,6865.71,2025-08-06,0.0,32.0,2025-07,True,False,True
INV000334,CUST0068,2025-07-12,2025-08-26,7468.17,EUR,Paid,7468.17,2025-08-28,0.0,47.0,2025-07,True,False,True
INV000335,CUST0029,2025-07-18,2025-09-01,9330.87,EUR,Paid,9330.87,2025-08-12,0.0,25.0,2025-07,True,False,False
INV000336,CUST0060,2025-07-17,2025-08-16,9880.45,EUR,Paid,9880.45,2025-08-03,0.0,17.0,2025-07,True,False,False
INV000337,CUST0040,2025-07-12,2025-08-11,5181.63,EUR,Paid,5181.63,2025-08-05,0.0,24.0,2025-07,True,False,False
INV000338,CUST0001,2025-07-12,2025-07-26,10590.41,EUR,Paid,10590.41,2025-08-10,0.0,29.0,2025-07,True,False,True
INV000339,CUST0027,2025-07-09,2025-08-08,12581.88,EUR,Paid,12581.88,2025-07-10,0.0,1.0,2025-07,True,False,False
INV000340,CUST0014,2025-07-12,2025-07-26,11537.01,EUR,Open,0.0,,11537.01,,2025-07,False,True,False
INV000341,CUST0034,2025-07-03,2025-08-02,10549.01,EUR,Open,0.0,,10549.01,,2025-07,False,True,False
INV000342,CUST0022,2025-07-19,2025-08-18,5085.01,EUR,Paid,5085.01,2025-08-12,0.0,24.0,2025-07,True,False,False
INV000343,CUST0013,2025-07-07,2025-08-21,8846.93,EUR,Paid,8846.93,2025-07-08,0.0,1.0,2025-07,True,False,False
INV000344,CUST0065,2025-07-19,2025-08-18,8446.18,EUR,Open,0.0,,8446.18,,2025-07,False,True,False
INV000345,CUST0008,2025-07-19,2025-09-02,6643.68,EUR,Paid,6643.68,2025-08-13,0.0,25.0,2025-07,True,False,False
INV000346,CUST0005,2025-07-08,2025-08-07,9262.38,EUR,Paid,9262.38,2025-08-01,0.0,24.0,2025-07,True,False,False
INV000347,CUST0019,2025-07-08,2025-08-07,7291.55,EUR,Paid,7291.55,2025-08-03,0.0,26.0,2025-07,True,False,False
INV000348,CUST0066,2025-07-01,2025-08-15,4764.2,EUR,Paid,4764.2,2025-08-05,0.0,35.0,2025-07,True,False,False
INV000349,CUST0079,2025-07-14,2025-08-13,4240.8,EUR,Paid,4240.8,2025-07-24,0.0,10.0,2025-07,True,False,False
INV000350,CUST0025,2025-07-16,2025-08-15,4382.81,EUR,Open,0.0,,4382.81,,2025-07,False,True,False
INV000351,CUST0015,2025-07-08,2025-07-22,4846.68,EUR,Open,0.0,,4846.68,,2025-07,False,True,False
INV000352,CUST0048,2025-07-08,2025-08-22,14641.62,EUR,Paid,14641.62,2025-07-30,0.0,22.0,2025-07,True,False,False
INV000353,CUST0038,2025-07-12,2025-08-11,450.0,EUR,Paid,450.0,2025-07-31,0.0,19.0,2025-07,True,False,False
INV000354,CUST0046,2025-07-10,2025-08-09,5660.62,EUR,Paid,5660.62,2025-08-07,0.0,28.0,2025-07,True,False,False
INV000355,CUST0070,2025-07-08,2025-08-07,9805.65,EUR,Open,0.0,,9805.65,,2025-07,False,True,False
INV000356,CUST0037,2025-07-13,2025-08-12,6917.29,EUR,Paid,6917.29,2025-09-06,0.0,55.0,2025-07,True,False,True
INV000357,CUST0050,2025-07-10,2025-08-09,9182.26,EUR,Paid,9182.26,2025-08-20,0.0,41.0,2025-07,True,False,True
INV000358,CUST0080,2025-07-08,2025-08-07,9383.44,EUR,Paid,9383.44,2025-07-10,0.0,2.0,2025-07,True,False,False
INV000359,CUST0074,2025-07-02,2025-08-16,8620.87,EUR,Paid,8620.87,2025-07-29,0.0,27.0,2025-07,True,False,False
INV000360,CUST0003,2025-07-04,2025-08-03,11882.5,EUR,Open,0.0,,11882.5,,2025-07,False,True,False
INV000361,CUST0024,2025-07-15,2025-08-29,2399.89,EUR,Paid,2399.89,2025-09-12,0.0,59.0,2025-07,True,False,True
INV000362,CUST0026,2025-07-12,2025-08-11,3189.3,EUR,Paid,3189.3,2025-07-22,0.0,10.0,2025-07,True,False,False
INV000363,CUST0072,2025-07-01,2025-07-31,11432.44,EUR,Paid,11432.44,2025-08-13,0.0,43.0,2025-07,True,False,True
INV000364,CUST0056,2025-07-19,2025-08-18,4785.85,EUR,Paid,4785.85,2025-07-31,0.0,12.0,2025-07,True,False,False
INV000365,CUST0064,2025-07-19,2025-08-18,10223.56,EUR,Paid,10223.56,2025-08-15,0.0,27.0,2025-07,True,False,False
INV000366,CUST0010,2025-07-03,2025-08-02,6972.43,EUR,Paid,6972.43,2025-07-31,0.0,28.0,2025-07,True,False,False
INV000367,CUST0052,2025-07-01,2025-08-15,6733.66,EUR,Paid,6733.66,2025-08-01,0.0,31.0,2025-07,True,False,False
INV000368,CUST0036,2025-07-16,2025-08-15,3672.09,EUR,Paid,3672.09,2025-08-21,0.0,36.0,2025-07,True,False,True
INV000369,CUST0071,2025-07-15,2025-08-14,10363.95,EUR,Paid,10363.95,2025-08-15,0.0,31.0,2025-07,True,False,True
INV000370,CUST0058,2025-07-09,2025-07-23,6137.77,EUR,Paid,6137.77,2025-08-25,0.0,47.0,2025-07,True,False,True
INV000371,CUST0076,2025-07-18,2025-08-17,5542.79,EUR,Paid,5542.79,2025-08-13,0.0,26.0,2025-07,True,False,False
INV000372,CUST0073,2025-07-02,2025-08-16,7334.95,EUR,Paid,7334.95,2025-09-16,0.0,76.0,2025-07,True,False,True
INV000373,CUST0035,2025-07-04,2025-08-03,7741.01,EUR,Paid,7741.01,2025-08-06,0.0,33.0,2025-07,True,False,True
INV000374,CUST0023,2025-07-08,2025-08-22,3986.13,EUR,Paid,3986.13,2025-07-09,0.0,1.0,2025-07,True,False,False
INV000375,CUST0030,2025-07-14,2025-08-13,8244.78,EUR,Open,0.0,,8244.78,,2025-07,False,True,False
INV000376,CUST0017,2025-07-14,2025-08-13,7060.06,EUR,Paid,7060.06,2025-08-10,0.0,27.0,2025-07,True,False,False
INV000377,CUST0039,2025-07-05,2025-08-04,9164.75,EUR,Open,0.0,,9164.75,,2025-07,False,True,False
INV000378,CUST0053,2025-07-10,2025-08-09,3994.89,EUR,Paid,3994.89,2025-08-01,0.0,22.0,2025-07,True,False,False
INV000379,CUST0061,2025-07-06,2025-08-05,11479.96,EUR,Paid,11479.96,2025-07-29,0.0,23.0,2025-07,True,False,False
INV000380,CUST0020,2025-07-11,2025-08-25,11744.75,EUR,Open,0.0,,11744.75,,2025-07,False,True,False
INV000381,CUST0011,2025-07-11,2025-08-10,3168.4,EUR,Paid,3168.4,2025-08-09,0.0,29.0,2025-07,True,False,False
INV000382,CUST0032,2025-07-02,2025-08-16,8635.49,EUR,Paid,8635.49,2025-07-07,0.0,5.0,2025-07,True,False,False
INV000383,CUST0041,2025-07-17,2025-08-16,3179.46,EUR,Paid,3179.46,2025-07-22,0.0,5.0,2025-07,True,False,False
INV000384,CUST0054,2025-07-07,2025-08-06,8929.68,EUR,Paid,8929.68,2025-08-20,0.0,44.0,2025-07,True,False,True
INV000385,CUST0055,2025-07-17,2025-08-16,5740.44,EUR,Paid,5740.44,2025-07-24,0.0,7.0,2025-07,True,False,False
INV000386,CUST0056,2025-08-15,2025-09-14,1944.7,EUR,Paid,1944.7,2025-09-01,0.0,17.0,2025-08,True,False,False
INV000387,CUST0051,2025-08-15,2025-09-14,8518.18,EUR,Paid,8518.18,2025-09-19,0.0,35.0,2025-08,True,False,True
INV000388,CUST0072,2025-08-07,2025-09-06,7323.55,EUR,Paid,7323.55,2025-08-28,0.0,21.0,2025-08,True,False,False
INV000389,CUST0048,2025-08-05,2025-08-19,16433.33,EUR,Paid,16433.33,2025-09-04,0.0,30.0,2025-08,True,False,True
INV000390,CUST0065,2025-08-01,2025-08-31,9795.7,EUR,Paid,9795.7,2025-09-13,0.0,43.0,2025-08,True,False,True
INV000391,CUST0013,2025-08-13,2025-09-12,3951.71,EUR,Paid,3951.71,2025-08-24,0.0,11.0,2025-08,True,False,False
INV000392,CUST0033,2025-08-17,2025-09-16,9906.61,EUR,Paid,9906.61,2025-10-14,0.0,58.0,2025-08,True,False,True
INV000393,CUST0063,2025-08-10,2025-09-09,8763.83,EUR,Paid,8763.83,2025-08-24,0.0,14.0,2025-08,True,False,False
INV000394,CUST0070,2025-08-04,2025-09-03,6345.16,EUR,Paid,6345.16,2025-09-07,0.0,34.0,2025-08,True,False,True
INV000395,CUST0020,2025-08-01,2025-08-15,10704.32,EUR,Paid,10704.32,2025-08-21,0.0,20.0,2025-08,True,False,True
INV000396,CUST0010,2025-08-12,2025-09-11,9358.02,EUR,Paid,9358.02,2025-09-11,0.0,30.0,2025-08,True,False,False
INV000397,CUST0069,2025-08-09,2025-09-23,8775.64,EUR,Paid,8775.64,2025-08-29,0.0,20.0,2025-08,True,False,False
INV000398,CUST0039,2025-08-03,2025-08-17,8172.7,EUR,Paid,8172.7,2025-08-14,0.0,11.0,2025-08,True,False,False
INV000399,CUST0059,2025-08-02,2025-09-16,3811.58,EUR,Paid,3811.58,2025-08-19,0.0,17.0,2025-08,True,False,False
INV000400,CUST0009,2025-08-11,2025-08-25,5387.25,EUR,Paid,5387.25,2025-09-16,0.0,36.0,2025-08,True,False,True
INV000401,CUST0026,2025-08-06,2025-08-20,4928.58,EUR,Paid,4928.58,2025-08-19,0.0,13.0,2025-08,True,False,False
INV000402,CUST0037,2025-08-04,2025-09-03,4387.1,EUR,Paid,4387.1,2025-08-21,0.0,17.0,2025-08,True,False,False
INV000403,CUST0027,2025-08-05,2025-09-04,15372.2,EUR,Paid,15372.2,2025-09-05,0.0,31.0,2025-08,True,False,True
INV000404,CUST0001,2025-08-17,2025-09-16,8924.77,EUR,Paid,8924.77,2025-08-18,0.0,1.0,2025-08,True,False,False
INV000405,CUST0073,2025-08-08,2025-08-22,4527.27,EUR,Paid,4527.27,2025-08-29,0.0,21.0,2025-08,True,False,True
INV000406,CUST0074,2025-08-15,2025-08-29,8881.11,EUR,Paid,8881.11,2025-09-06,0.0,22.0,2025-08,True,False,True
INV000407,CUST0004,2025-08-09,2025-09-08,12383.2,EUR,Paid,12383.2,2025-10-10,0.0,62.0,2025-08,True,False,True
INV000408,CUST0019,2025-08-05,2025-08-19,6807.55,EUR,Paid,6807.55,2025-09-18,0.0,44.0,2025-08,True,False,True
INV000409,CUST0055,2025-08-14,2025-09-13,6857.69,EUR,Paid,6857.69,2025-09-15,0.0,32.0,2025-08,True,False,True
INV000410,CUST0038,2025-08-11,2025-09-10,2631.23,EUR,Paid,2631.23,2025-10-04,0.0,54.0,2025-08,True,False,True
INV000411,CUST0023,2025-08-06,2025-09-05,4325.65,EUR,Open,0.0,,4325.65,,2025-08,False,True,False
INV000412,CUST0046,2025-08-02,2025-09-01,3623.36,EUR,Paid,3623.36,2025-09-05,0.0,34.0,2025-08,True,False,True
INV000413,CUST0014,2025-08-12,2025-09-11,8908.4,EUR,Paid,8908.4,2025-09-29,0.0,48.0,2025-08,True,False,True
INV000414,CUST0018,2025-08-11,2025-08-25,6874.78,EUR,Paid,6874.78,2025-09-11,0.0,31.0,2025-08,True,False,True
INV000415,CUST0049,2025-08-18,2025-09-17,5920.06,EUR,Paid,5920.06,2025-09-07,0.0,20.0,2025-08,True,False,False
INV000416,CUST0079,2025-08-01,2025-08-31,450.0,EUR,Open,0.0,,450.0,,2025-08,False,True,False
INV000417,CUST0041,2025-08-03,2025-08-17,1519.84,EUR,Paid,1519.84,2025-09-12,0.0,40.0,2025-08,True,False,True
INV000418,CUST0021,2025-08-08,2025-09-07,9662.33,EUR,Paid,9662.33,2025-09-05,0.0,28.0,2025-08,True,False,False
INV000419,CUST0077,2025-08-19,2025-09-18,5608.7,EUR,Paid,5608.7,2025-08-20,0.0,1.0,2025-08,True,False,False
INV000420,CUST0025,2025-08-18,2025-09-17,8420.44,EUR,Paid,8420.44,2025-09-21,0.0,34.0,2025-08,True,False,True
INV000421,CUST0031,2025-08-08,2025-09-07,1315.76,EUR,Paid,1315.76,2025-09-28,0.0,51.0,2025-08,True,False,True
INV000422,CUST0022,2025-08-10,2025-09-09,6711.95,EUR,Paid,6711.95,2025-08-28,0.0,18.0,2025-08,True,False,False
INV000423,CUST0040,2025-08-14,2025-09-13,5132.12,EUR,Open,0.0,,5132.12,,2025-08,False,True,False
INV000424,CUST0003,2025-08-09,2025-08-23,7739.89,EUR,Paid,7739.89,2025-09-10,0.0,32.0,2025-08,True,False,True
INV000425,CUST0030,2025-08-16,2025-09-15,11228.23,EUR,Paid,11228.23,2025-08-30,0.0,14.0,2025-08,True,False,False
INV000426,CUST0057,2025-08-08,2025-09-07,4362.37,EUR,Paid,4362.37,2025-09-16,0.0,39.0,2025-08,True,False,True
INV000427,CUST0066,2025-08-03,2025-09-02,7027.97,EUR,Paid,7027.97,2025-09-03,0.0,31.0,2025-08,True,False,True
INV000428,CUST0034,2025-08-09,2025-09-08,8347.28,EUR,Paid,8347.28,2025-09-02,0.0,24.0,2025-08,True,False,False
INV000429,CUST0015,2025-08-10,2025-09-24,9271.47,EUR,Paid,9271.47,2025-08-20,0.0,10.0,2025-08,True,False,False
INV000430,CUST0006,2025-08-13,2025-09-12,2426.83,EUR,Open,0.0,,2426.83,,2025-08,False,True,False
INV000431,CUST0005,2025-08-09,2025-09-08,11237.64,EUR,Paid,11237.64,2025-09-08,0.0,30.0,2025-08,True,False,False
INV000432,CUST0008,2025-08-04,2025-09-03,7399.78,EUR,Paid,7399.78,2025-09-25,0.0,52.0,2025-08,True,False,True
INV000433,CUST0035,2025-08-03,2025-09-02,8079.23,EUR,Paid,8079.23,2025-08-28,0.0,25.0,2025-08,True,False,False
INV000434,CUST0029,2025-08-11,2025-09-10,12776.12,EUR,Paid,12776.12,2025-09-07,0.0,27.0,2025-08,True,False,False
INV000435,CUST0080,2025-08-14,2025-09-13,5640.33,EUR,Paid,5640.33,2025-08-15,0.0,1.0,2025-08,True,False,False
INV000436,CUST0061,2025-08-05,2025-09-04,12006.19,EUR,Paid,12006.19,2025-09-26,0.0,52.0,2025-08,True,False,True
INV000437,CUST0052,2025-08-07,2025-09-06,6602.69,EUR,Paid,6602.69,2025-08-27,0.0,20.0,2025-08,True,False,False
INV000438,CUST0032,2025-08-18,2025-09-17,4235.01,EUR,Paid,4235.01,2025-09-29,0.0,42.0,2025-08,True,False,True
INV000439,CUST0053,2025-08-16,2025-09-15,4784.41,EUR,Paid,4784.41,2025-09-24,0.0,39.0,2025-08,True,False,True
INV000440,CUST0050,2025-08-06,2025-09-05,10888.79,EUR,Paid,10888.79,2025-08-09,0.0,3.0,2025-08,True,False,False
INV000441,CUST0028,2025-09-13,2025-10-13,4911.84,EUR,Paid,4911.84,2025-09-26,0.0,13.0,2025-09,True,False,False
INV000442,CUST0008,2025-09-06,2025-09-20,7703.11,EUR,Paid,7703.11,2025-10-01,0.0,25.0,2025-09,True,False,True
INV000443,CUST0009,2025-09-03,2025-10-03,5812.47,EUR,Paid,5812.47,2025-09-20,0.0,17.0,2025-09,True,False,False
INV000444,CUST0013,2025-09-19,2025-10-19,7419.22,EUR,Paid,7419.22,2025-11-12,0.0,54.0,2025-09,True,False,True
INV000445,CUST0034,2025-09-02,2025-10-17,9688.0,EUR,Paid,9688.0,2025-09-13,0.0,11.0,2025-09,True,False,False
INV000446,CUST0064,2025-09-11,2025-10-11,9519.67,EUR,Paid,9519.67,2025-09-16,0.0,5.0,2025-09,True,False,False
INV000447,CUST0051,2025-09-09,2025-10-09,10470.57,EUR,Open,0.0,,10470.57,,2025-09,False,True,False
INV000448,CUST0033,2025-09-09,2025-10-09,6801.03,EUR,Paid,6801.03,2025-09-29,0.0,20.0,2025-09,True,False,False
INV000449,CUST0046,2025-09-17,2025-10-17,3823.77,EUR,Paid,3823.77,2025-10-18,0.0,31.0,2025-09,True,False,True
INV000450,CUST0018,2025-09-15,2025-10-15,8199.36,EUR,Open,0.0,,8199.36,,2025-09,False,True,False
INV000451,CUST0068,2025-09-05,2025-10-05,9600.96,EUR,Paid,9600.96,2025-09-27,0.0,22.0,2025-09,True,False,False
INV000452,CUST0032,2025-09-09,2025-10-09,9348.98,EUR,Paid,9348.98,2025-10-27,0.0,48.0,2025-09,True,False,True
INV000453,CUST0027,2025-09-18,2025-10-18,11701.1,EUR,Open,0.0,,11701.1,,2025-09,False,True,False
INV000454,CUST0041,2025-09-10,2025-10-10,2814.42,EUR,Paid,2814.42,2025-09-24,0.0,14.0,2025-09,True,False,False
INV000455,CUST0050,2025-09-02,2025-10-17,10558.21,EUR,Paid,10558.21,2025-10-04,0.0,32.0,2025-09,True,False,False
INV000456,CUST0006,2025-09-04,2025-10-19,1160.73,EUR,Paid,1160.73,2025-09-05,0.0,1.0,2025-09,True,False,False
INV000457,CUST0063,2025-09-01,2025-10-16,12267.29,EUR,Paid,12267.29,2025-09-30,0.0,29.0,2025-09,True,False,False
INV000458,CUST0052,2025-09-08,2025-10-08,4432.3,EUR,Paid,4432.3,2025-09-17,0.0,9.0,2025-09,True,False,False
INV000459,CUST0042,2025-09-19,2025-10-19,13513.4,EUR,Paid,13513.4,2025-09-20,0.0,1.0,2025-09,True,False,False
INV000460,CUST0053,2025-09-12,2025-09-26,5547.23,EUR,Open,0.0,,5547.23,,2025-09,False,True,False
INV000461,CUST0070,2025-09-15,2025-10-15,10025.03,EUR,Open,0.0,,10025.03,,2025-09,False,True,False
INV000462,CUST0079,2025-09-07,2025-10-07,450.0,EUR,Paid,450.0,2025-09-16,0.0,9.0,2025-09,True,False,False
INV000463,CUST0001,2025-09-14,2025-09-28,11289.3,EUR,Paid,11289.3,2025-09-24,0.0,10.0,2025-09,True,False,False
INV000464,CUST0073,2025-09-01,2025-10-16,4644.35,EUR,Paid,4644.35,2025-11-07,0.0,67.0,2025-09,True,False,True
INV000465,CUST0040,2025-09-15,2025-10-30,4596.31,EUR,Paid,4596.31,2025-10-10,0.0,25.0,2025-09,True,False,False
INV000466,CUST0004,2025-09-11,2025-10-11,7741.47,EUR,Paid,7741.47,2025-10-04,0.0,23.0,2025-09,True,False,False
INV000467,CUST0020,2025-09-06,2025-10-06,7476.02,EUR,Open,0.0,,7476.02,,2025-09,False,True,False
INV000468,CUST0072,2025-09-12,2025-10-12,8012.59,EUR,Paid,8012.59,2025-10-19,0.0,37.0,2025-09,True,False,True
INV000469,CUST0049,2025-09-06,2025-10-06,8602.86,EUR,Paid,8602.86,2025-09-15,0.0,9.0,2025-09,True,False,False
INV000470,CUST0060,2025-09-09,2025-10-09,12372.29,EUR,Paid,12372.29,2025-10-11,0.0,32.0,2025-09,True,False,True
INV000471,CUST0055,2025-09-07,2025-10-22,7767.25,EUR,Paid,7767.25,2025-10-24,0.0,47.0,2025-09,True,False,True
INV000472,CUST0037,2025-09-04,2025-10-04,7276.87,EUR,Paid,7276.87,2025-09-26,0.0,22.0,2025-09,True,False,False
INV000473,CUST0026,2025-09-07,2025-10-22,4350.28,EUR,Paid,4350.28,2025-10-19,0.0,42.0,2025-09,True,False,False
INV000474,CUST0061,2025-09-06,2025-10-06,11415.25,EUR,Paid,11415.25,2025-10-14,0.0,38.0,2025-09,True,False,True
INV000475,CUST0035,2025-09-11,2025-10-11,8743.66,EUR,Paid,8743.66,2025-09-25,0.0,14.0,2025-09,True,False,False
INV000476,CUST0039,2025-09-07,2025-10-07,8787.25,EUR,Paid,8787.25,2025-10-17,0.0,40.0,2025-09,True,False,True
INV000477,CUST0003,2025-09-04,2025-09-18,6968.48,EUR,Paid,6968.48,2025-10-01,0.0,27.0,2025-09,True,False,True
INV000478,CUST0058,2025-09-04,2025-10-19,5243.35,EUR,Open,0.0,,5243.35,,2025-09,False,True,False
INV000479,CUST0065,2025-09-04,2025-09-18,7891.21,EUR,Paid,7891.21,2025-09-13,0.0,9.0,2025-09,True,False,False
INV000480,CUST0030,2025-09-13,2025-10-28,9807.91,EUR,Paid,9807.91,2025-10-16,0.0,33.0,2025-09,True,False,False
INV000481,CUST0056,2025-09-15,2025-09-29,4532.54,EUR,Paid,4532.54,2025-10-26,0.0,41.0,2025-09,True,False,True
INV000482,CUST0021,2025-09-10,2025-10-10,8318.96,EUR,Paid,8318.96,2025-10-12,0.0,32.0,2025-09,True,False,True
INV000483,CUST0036,2025-09-08,2025-10-08,3293.8,EUR,Paid,3293.8,2025-10-02,0.0,24.0,2025-09,True,False,False
INV000484,CUST0015,2025-09-10,2025-09-24,8290.3,EUR,Paid,8290.3,2025-10-01,0.0,21.0,2025-09,True,False,True
INV000485,CUST0025,2025-09-19,2025-10-19,6598.78,EUR,Paid,6598.78,2025-10-03,0.0,14.0,2025-09,True,False,False
INV000486,CUST0076,2025-09-09,2025-10-09,7103.16,EUR,Open,0.0,,7103.16,,2025-09,False,True,False
INV000487,CUST0045,2025-09-13,2025-10-13,8336.9,EUR,Paid,8336.9,2025-10-04,0.0,21.0,2025-09,True,False,False
INV000488,CUST0069,2025-09-02,2025-10-17,5206.1,EUR,Paid,5206.1,2025-09-22,0.0,20.0,2025-09,True,False,False
INV000489,CUST0010,2025-09-07,2025-10-07,8486.64,EUR,Paid,8486.64,2025-09-20,0.0,13.0,2025-09,True,False,False
INV000490,CUST0048,2025-09-19,2025-10-19,16839.98,EUR,Paid,16839.98,2025-10-26,0.0,37.0,2025-09,True,False,True
INV000491,CUST0011,2025-09-04,2025-10-04,2776.1,EUR,Open,0.0,,2776.1,,2025-09,False,True,False
INV000492,CUST0066,2025-09-08,2025-09-22,7984.51,EUR,Paid,7984.51,2025-10-12,0.0,34.0,2025-09,True,False,True
INV000493,CUST0022,2025-09-02,2025-10-02,8908.72,EUR,Paid,8908.72,2025-10-15,0.0,43.0,2025-09,True,False,True
INV000494,CUST0071,2025-09-13,2025-09-27,11793.59,EUR,Paid,11793.59,2025-10-12,0.0,29.0,2025-09,True,False,True
INV000495,CUST0023,2025-09-13,2025-10-28,450.0,EUR,Paid,450.0,2025-10-19,0.0,36.0,2025-09,True,False,False
INV000496,CUST0016,2025-10-12,2025-11-11,507.94,EUR,Paid,507.94,2025-11-08,0.0,27.0,2025-10,True,False,False
INV000497,CUST0063,2025-10-04,2025-11-03,10697.09,EUR,Paid,10697.09,2025-11-04,0.0,31.0,2025-10,True,False,True
INV000498,CUST0037,2025-10-03,2025-11-02,10150.77,EUR,Paid,10150.77,2025-10-17,0.0,14.0,2025-10,True,False,False
INV000499,CUST0009,2025-10-12,2025-10-26,4975.7,EUR,Paid,4975.7,2025-10-18,0.0,6.0,2025-10,True,False,False
INV000500,CUST0013,2025-10-09,2025-11-08,5572.06,EUR,Paid,5572.06,2025-10-25,0.0,16.0,2025-10,True,False,False
INV000501,CUST0023,2025-10-10,2025-11-09,5649.94,EUR,Paid,5649.94,2025-11-20,0.0,41.0,2025-10,True,False,True
INV000502,CUST0026,2025-10-01,2025-11-15,7331.13,EUR,Open,0.0,,7331.13,,2025-10,False,True,False
INV000503,CUST0054,2025-10-03,2025-11-17,5492.79,EUR,Paid,5492.79,2025-11-06,0.0,34.0,2025-10,True,False,False
INV000504,CUST0041,2025-10-10,2025-11-09,3271.88,EUR,Paid,3271.88,2025-10-19,0.0,9.0,2025-10,True,False,False
INV000505,CUST0010,2025-10-04,2025-11-18,5289.68,EUR,Paid,5289.68,2025-10-09,0.0,5.0,2025-10,True,False,False
INV000506,CUST0051,2025-10-03,2025-11-02,11284.88,EUR,Paid,11284.88,2025-11-02,0.0,30.0,2025-10,True,False,False
INV000507,CUST0017,2025-10-11,2025-10-25,10749.39,EUR,Paid,10749.39,2025-10-19,0.0,8.0,2025-10,True,False,False
INV000508,CUST0060,2025-10-01,2025-10-31,10511.51,EUR,Paid,10511.51,2025-10-12,0.0,11.0,2025-10,True,False,False
INV000509,CUST0050,2025-10-05,2025-11-04,11431.08,EUR,Paid,11431.08,2025-11-04,0.0,30.0,2025-10,True,False,False
INV000510,CUST0004,2025-10-11,2025-11-25,9116.84,EUR,Open,0.0,,9116.84,,2025-10,False,True,False
INV000511,CUST0069,2025-10-03,2025-11-17,7992.92,EUR,Paid,7992.92,2025-10-28,0.0,25.0,2025-10,True,False,False
INV000512,CUST0079,2025-10-06,2025-11-05,4164.34,EUR,Paid,4164.34,2025-10-22,0.0,16.0,2025-10,True,False,False
INV000513,CUST0011,2025-10-13,2025-11-27,7285.14,EUR,Open,0.0,,7285.14,,2025-10,False,True,False
INV000514,CUST0028,2025-10-02,2025-10-16,4514.94,EUR,Paid,4514.94,2025-10-15,0.0,13.0,2025-10,True,False,False
INV000515,CUST0019,2025-10-02,2025-11-16,7177.93,EUR,Open,0.0,,7177.93,,2025-10,False,True,False
INV000516,CUST0046,2025-10-15,2025-11-14,6539.97,EUR,Paid,6539.97,2025-11-04,0.0,20.0,2025-10,True,False,False
INV000517,CUST0053,2025-10-15,2025-11-14,6177.16,EUR,Paid,6177.16,2025-11-08,0.0,24.0,2025-10,True,False,False
INV000518,CUST0074,2025-10-01,2025-11-15,7868.37,EUR,Open,0.0,,7868.37,,2025-10,False,True,False
INV000519,CUST0021,2025-10-11,2025-11-10,9344.79,EUR,Paid,9344.79,2025-11-04,0.0,24.0,2025-10,True,False,False
INV000520,CUST0058,2025-10-11,2025-10-25,2043.49,EUR,Open,0.0,,2043.49,,2025-10,False,True,False
INV000521,CUST0080,2025-10-11,2025-11-10,9326.9,EUR,Paid,9326.9,2025-11-17,0.0,37.0,2025-10,True,False,True
INV000522,CUST0035,2025-10-11,2025-11-10,7514.62,EUR,Paid,7514.62,2025-10-14,0.0,3.0,2025-10,True,False,False
INV000523,CUST0042,2025-10-13,2025-11-12,9805.12,EUR,Paid,9805.12,2025-11-08,0.0,26.0,2025-10,True,False,False
INV000524,CUST0049,2025-10-18,2025-11-17,7297.21,EUR,Open,0.0,,7297.21,,2025-10,False,True,False
INV000525,CUST0015,2025-10-05,2025-11-04,6508.66,EUR,Paid,6508.66,2025-10-26,0.0,21.0,2025-10,True,False,False
INV000526,CUST0071,2025-10-08,2025-10-22,9068.07,EUR,Open,0.0,,9068.07,,2025-10,False,True,False
INV000527,CUST0039,2025-10-09,2025-11-08,7627.99,EUR,Open,0.0,,7627.99,,2025-10,False,True,False
INV000528,CUST0024,2025-10-05,2025-10-19,3104.96,EUR,Open,0.0,,3104.96,,2025-10,False,True,False
INV000529,CUST0033,2025-10-11,2025-11-10,9499.59,EUR,Paid,9499.59,2025-11-05,0.0,25.0,2025-10,True,False,False
INV000530,CUST0036,2025-10-12,2025-11-11,3623.54,EUR,Paid,3623.54,2025-10-28,0.0,16.0,2025-10,True,False,False
INV000531,CUST0040,2025-10-19,2025-11-18,8563.64,EUR,Open,0.0,,8563.64,,2025-10,False,True,False
INV000532,CUST0068,2025-10-02,2025-11-01,6846.71,EUR,Open,0.0,,6846.71,,2025-10,False,True,False
INV000533,CUST0032,2025-10-01,2025-10-31,12262.02,EUR,Paid,12262.02,2025-10-23,0.0,22.0,2025-10,True,False,False
INV000534,CUST0056,2025-10-09,2025-11-08,3463.56,EUR,Paid,3463.56,2025-11-09,0.0,31.0,2025-10,True,False,True
INV000535,CUST0006,2025-10-11,2025-11-10,4366.37,EUR,Paid,4366.37,2025-10-27,0.0,16.0,2025-10,True,False,False
INV000536,CUST0025,2025-10-19,2025-11-18,7505.56,EUR,Open,0.0,,7505.56,,2025-10,False,True,False
INV000537,CUST0070,2025-10-01,2025-10-31,6829.87,EUR,Paid,6829.87,2025-10-13,0.0,12.0,2025-10,True,False,False
INV000538,CUST0055,2025-10-06,2025-10-20,10757.28,EUR,Paid,10757.28,2025-11-10,0.0,35.0,2025-10,True,False,True
INV000539,CUST0020,2025-10-11,2025-11-10,9646.24,EUR,Paid,9646.24,2025-10-17,0.0,6.0,2025-10,True,False,False
INV000540,CUST0029,2025-10-05,2025-11-04,11011.59,EUR,Open,0.0,,11011.59,,2025-10,False,True,False
INV000541,CUST0034,2025-10-13,2025-11-12,9216.7,EUR,Paid,9216.7,2025-10-29,0.0,16.0,2025-10,True,False,False
INV000542,CUST0043,2025-10-09,2025-10-23,9071.33,EUR,Paid,9071.33,2025-10-25,0.0,16.0,2025-10,True,False,True
INV000543,CUST0065,2025-10-12,2025-11-11,8026.48,EUR,Paid,8026.48,2025-11-09,0.0,28.0,2025-10,True,False,False
INV000544,CUST0003,2025-10-14,2025-11-13,11351.63,EUR,Paid,11351.63,2025-10-29,0.0,15.0,2025-10,True,False,False
INV000545,CUST0030,2025-10-10,2025-11-09,8411.97,EUR,Open,0.0,,8411.97,,2025-10,False,True,False
INV000546,CUST0057,2025-10-13,2025-11-12,450.0,EUR,Paid,450.0,2025-10-14,0.0,1.0,2025-10,True,False,False
INV000547,CUST0022,2025-10-13,2025-11-27,6997.17,EUR,Paid,6997.17,2025-11-24,0.0,42.0,2025-10,True,False,False
INV000548,CUST0038,2025-10-13,2025-11-12,4417.37,EUR,Paid,4417.37,2025-10-28,0.0,15.0,2025-10,True,False,False
INV000549,CUST0052,2025-10-18,2025-11-17,6477.84,EUR,Paid,6477.84,2025-11-11,0.0,24.0,2025-10,True,False,False
INV000550,CUST0001,2025-10-08,2025-11-07,7310.14,EUR,Paid,7310.14,2025-10-09,0.0,1.0,2025-10,True,False,False
INV000551,CUST0035,2025-11-06,2025-12-06,5315.81,EUR,Paid,5315.81,2026-01-06,0.0,61.0,2025-11,True,False,True
INV000552,CUST0060,2025-11-13,2025-12-13,8702.23,EUR,Paid,8702.23,2025-12-21,0.0,38.0,2025-11,True,False,True
INV000553,CUST0049,2025-11-06,2025-12-06,9414.62,EUR,Open,0.0,,9414.62,,2025-11,False,True,False
INV000554,CUST0069,2025-11-04,2025-12-19,7672.48,EUR,Paid,7672.48,2025-12-03,0.0,29.0,2025-11,True,False,False
INV000555,CUST0058,2025-11-04,2025-11-18,3638.39,EUR,Paid,3638.39,2025-12-22,0.0,48.0,2025-11,True,False,True
INV000556,CUST0028,2025-11-19,2025-12-03,4218.25,EUR,Paid,4218.25,2025-12-07,0.0,18.0,2025-11,True,False,True
INV000557,CUST0034,2025-11-06,2025-12-06,10988.97,EUR,Paid,10988.97,2025-12-15,0.0,39.0,2025-11,True,False,True
INV000558,CUST0010,2025-11-15,2025-12-15,7472.54,EUR,Paid,7472.54,2025-11-26,0.0,11.0,2025-11,True,False,False
INV000559,CUST0032,2025-11-12,2025-11-26,3650.51,EUR,Paid,3650.51,2025-11-17,0.0,5.0,2025-11,True,False,False
INV000560,CUST0038,2025-11-05,2025-12-05,3711.89,EUR,Paid,3711.89,2025-12-19,0.0,44.0,2025-11,True,False,True
INV000561,CUST0053,2025-11-09,2025-12-09,5112.43,EUR,Paid,5112.43,2025-12-14,0.0,35.0,2025-11,True,False,True
INV000562,CUST0041,2025-11-01,2025-11-15,4148.32,EUR,Paid,4148.32,2025-11-22,0.0,21.0,2025-11,True,False,True
INV000563,CUST0001,2025-11-12,2025-11-26,8157.75,EUR,Paid,8157.75,2025-12-14,0.0,32.0,2025-11,True,False,True
INV000564,CUST0015,2025-11-01,2025-12-01,9929.94,EUR,Open,0.0,,9929.94,,2025-11,False,True,False
INV000565,CUST0027,2025-11-10,2025-11-24,12659.84,EUR,Paid,12659.84,2025-12-24,0.0,44.0,2025-11,True,False,True
INV000566,CUST0045,2025-11-07,2025-11-21,4201.34,EUR,Paid,4201.34,2025-12-21,0.0,44.0,2025-11,True,False,True
INV000567,CUST0063,2025-11-12,2025-12-27,7098.24,EUR,Paid,7098.24,2025-11-13,0.0,1.0,2025-11,True,False,False
INV000568,CUST0011,2025-11-06,2025-12-06,8727.61,EUR,Paid,8727.61,2025-12-03,0.0,27.0,2025-11,True,False,False
INV000569,CUST0055,2025-11-16,2025-12-16,10294.04,EUR,Paid,10294.04,2025-12-06,0.0,20.0,2025-11,True,False,False
INV000570,CUST0048,2025-11-19,2025-12-19,14504.61,EUR,Paid,14504.61,2026-01-06,0.0,48.0,2025-11,True,False,True
INV000571,CUST0006,2025-11-11,2025-12-11,6076.15,EUR,Open,0.0,,6076.15,,2025-11,False,True,False
INV000572,CUST0036,2025-11-15,2025-12-15,3726.79,EUR,Paid,3726.79,2025-12-19,0.0,34.0,2025-11,True,False,True
INV000573,CUST0023,2025-11-10,2025-11-24,4770.01,EUR,Paid,4770.01,2025-12-09,0.0,29.0,2025-11,True,False,True
INV000574,CUST0009,2025-11-01,2025-12-01,2208.39,EUR,Paid,2208.39,2025-11-07,0.0,6.0,2025-11,True,False,False
INV000575,CUST0080,2025-11-09,2025-12-24,5776.91,EUR,Paid,5776.91,2025-12-08,0.0,29.0,2025-11,True,False,False
INV000576,CUST0004,2025-11-04,2025-12-04,8474.07,EUR,Paid,8474.07,2025-11-22,0.0,18.0,2025-11,True,False,False
INV000577,CUST0065,2025-11-05,2025-12-20,6442.28,EUR,Open,0.0,,6442.28,,2025-11,False,True,False
INV000578,CUST0059,2025-11-08,2025-12-08,7134.77,EUR,Paid,7134.77,2025-12-19,0.0,41.0,2025-11,True,False,True
INV000579,CUST0077,2025-11-16,2025-12-16,6569.27,EUR,Paid,6569.27,2025-12-20,0.0,34.0,2025-11,True,False,True
INV000580,CUST0079,2025-11-13,2025-11-27,450.0,EUR,Paid,450.0,2025-11-19,0.0,6.0,2025-11,True,False,False
INV000581,CUST0014,2025-11-02,2025-12-02,5391.2,EUR,Paid,5391.2,2025-11-22,0.0,20.0,2025-11,True,False,False
INV000582,CUST0017,2025-11-05,2025-12-05,13496.41,EUR,Paid,13496.41,2025-11-20,0.0,15.0,2025-11,True,False,False
INV000583,CUST0020,2025-11-14,2025-12-14,9613.33,EUR,Paid,9613.33,2025-12-18,0.0,34.0,2025-11,True,False,True
INV000584,CUST0056,2025-11-18,2025-12-18,3333.64,EUR,Paid,3333.64,2025-11-30,0.0,12.0,2025-11,True,False,False
INV000585,CUST0052,2025-11-10,2025-12-10,8748.94,EUR,Open,0.0,,8748.94,,2025-11,False,True,False
INV000586,CUST0070,2025-11-06,2025-12-06,5122.47,EUR,Paid,5122.47,2025-12-02,0.0,26.0,2025-11,True,False,False
INV000587,CUST0066,2025-11-05,2025-12-05,7937.56,EUR,Paid,7937.56,2025-11-06,0.0,1.0,2025-11,True,False,False
INV000588,CUST0043,2025-11-07,2025-12-07,7916.72,EUR,Paid,7916.72,2025-11-10,0.0,3.0,2025-11,True,False,False
INV000589,CUST0050,2025-11-18,2025-12-18,8810.46,EUR,Open,0.0,,8810.46,,2025-11,False,True,False
INV000590,CUST0005,2025-11-16,2025-12-16,9119.61,EUR,Paid,9119.61,2025-12-06,0.0,20.0,2025-11,True,False,False
INV000591,CUST0046,2025-11-17,2026-01-01,7816.99,EUR,Paid,7816.99,2025-12-18,0.0,31.0,2025-11,True,False,False
INV000592,CUST0071,2025-11-02,2025-11-16,9447.51,EUR,Paid,9447.51,2025-12-06,0.0,34.0,2025-11,True,False,True
INV000593,CUST0057,2025-11-08,2025-12-23,2755.43,EUR,Paid,2755.43,2025-12-16,0.0,38.0,2025-11,True,False,False
INV000594,CUST0033,2025-11-14,2025-12-14,10430.71,EUR,Paid,10430.71,2025-12-14,0.0,30.0,2025-11,True,False,False
INV000595,CUST0008,2025-11-01,2025-12-01,8066.6,EUR,Paid,8066.6,2025-11-20,0.0,19.0,2025-11,True,False,False
INV000596,CUST0025,2025-11-03,2025-12-18,8153.6,EUR,Paid,8153.6,2025-12-21,0.0,48.0,2025-11,True,False,True
INV000597,CUST0016,2025-11-01,2025-12-01,450.0,EUR,Paid,450.0,2025-11-12,0.0,11.0,2025-11,True,False,False
INV000598,CUST0054,2025-11-08,2025-12-08,8967.43,EUR,Open,0.0,,8967.43,,2025-11,False,True,False
INV000599,CUST0018,2025-11-02,2025-12-02,11169.55,EUR,Open,0.0,,11169.55,,2025-11,False,True,False
INV000600,CUST0019,2025-11-12,2025-12-12,8573.87,EUR,Paid,8573.87,2025-12-03,0.0,21.0,2025-11,True,False,False
INV000601,CUST0031,2025-11-08,2025-12-08,5353.53,EUR,Paid,5353.53,2025-11-21,0.0,13.0,2025-11,True,False,False
INV000602,CUST0013,2025-11-08,2025-12-08,3525.2,EUR,Paid,3525.2,2025-12-01,0.0,23.0,2025-11,True,False,False
INV000603,CUST0051,2025-11-15,2025-12-15,10775.52,EUR,Paid,10775.52,2025-12-01,0.0,16.0,2025-11,True,False,False
INV000604,CUST0074,2025-11-17,2025-12-17,10356.98,EUR,Paid,10356.98,2025-12-29,0.0,42.0,2025-11,True,False,True
INV000605,CUST0037,2025-11-02,2025-12-02,4880.57,EUR,Paid,4880.57,2025-11-15,0.0,13.0,2025-11,True,False,False
INV000606,CUST0033,2025-12-06,2026-01-20,12508.7,EUR,Open,0.0,,12508.7,,2025-12,False,False,False
INV000607,CUST0045,2025-12-01,2025-12-31,3524.94,EUR,Paid,3524.94,2025-12-29,0.0,28.0,2025-12,True,False,False
INV000608,CUST0031,2025-12-10,2025-12-24,6965.32,EUR,Open,0.0,,6965.32,,2025-12,False,True,False
INV000609,CUST0056,2025-12-02,2026-01-01,4419.37,EUR,Paid,4419.37,2026-01-27,0.0,56.0,2025-12,True,False,True
INV000610,CUST0036,2025-12-07,2026-01-06,2804.63,EUR,Paid,2804.63,2026-01-16,0.0,40.0,2025-12,True,False,True
INV000611,CUST0050,2025-12-19,2026-01-18,10005.34,EUR,Open,0.0,,10005.34,,2025-12,False,False,False
INV000612,CUST0025,2025-12-01,2025-12-31,7693.75,EUR,Paid,7693.75,2025-12-15,0.0,14.0,2025-12,True,False,False
INV000613,CUST0029,2025-12-17,2026-01-31,10660.84,EUR,Paid,10660.84,2025-12-22,0.0,5.0,2025-12,True,False,False
INV000614,CUST0037,2025-12-06,2026-01-05,7942.19,EUR,Paid,7942.19,2026-01-06,0.0,31.0,2025-12,True,False,True
INV000615,CUST0046,2025-12-11,2025-12-25,2606.06,EUR,Paid,2606.06,2025-12-13,0.0,2.0,2025-12,True,False,False
INV000616,CUST0040,2025-12-04,2026-01-03,8222.32,EUR,Paid,8222.32,2026-01-06,0.0,33.0,2025-12,True,False,True
INV000617,CUST0076,2025-12-04,2026-01-03,6406.24,EUR,Paid,6406.24,2026-01-09,0.0,36.0,2025-12,True,False,True
INV000618,CUST0006,2025-12-14,2026-01-13,1753.39,EUR,Paid,1753.39,2026-01-05,0.0,22.0,2025-12,True,False,False
INV000619,CUST0041,2025-12-09,2026-01-08,2153.99,EUR,Paid,2153.99,2026-01-02,0.0,24.0,2025-12,True,False,False
INV000620,CUST0003,2025-12-11,2026-01-10,9637.14,EUR,Paid,9637.14,2026-01-11,0.0,31.0,2025-12,True,False,True
INV000621,CUST0043,2025-12-01,2025-12-31,7425.52,EUR,Paid,7425.52,2026-01-09,0.0,39.0,2025-12,True,False,True
INV000622,CUST0038,2025-12-19,2026-01-18,2082.16,EUR,Paid,2082.16,2025-12-26,0.0,7.0,2025-12,True,False,False
INV000623,CUST0072,2025-12-09,2026-01-08,8841.75,EUR,Paid,8841.75,2026-01-08,0.0,30.0,2025-12,True,False,False
INV000624,CUST0008,2025-12-02,2026-01-01,8064.44,EUR,Open,0.0,,8064.44,,2025-12,False,False,False
INV000625,CUST0004,2025-12-14,2026-01-13,9220.43,EUR,Paid,9220.43,2026-01-11,0.0,28.0,2025-12,True,False,False
INV000626,CUST0068,2025-12-19,2026-01-18,9344.26,EUR,Paid,9344.26,2026-01-13,0.0,25.0,2025-12,True,False,False
INV000627,CUST0024,2025-12-18,2026-01-01,5578.98,EUR,Paid,5578.98,2026-01-19,0.0,32.0,2025-12,True,False,True
INV000628,CUST0028,2025-12-04,2025-12-18,5869.72,EUR,Open,0.0,,5869.72,,2025-12,False,True,False
INV000629,CUST0052,2025-12-01,2025-12-31,7198.79,EUR,Open,0.0,,7198.79,,2025-12,False,False,False
INV000630,CUST0014,2025-12-05,2026-01-04,6161.68,EUR,Paid,6161.68,2026-01-03,0.0,29.0,2025-12,True,False,False
INV000631,CUST0032,2025-12-12,2026-01-11,6560.16,EUR,Paid,6560.16,2025-12-27,0.0,15.0,2025-12,True,False,False
INV000632,CUST0073,2025-12-12,2026-01-11,6093.29,EUR,Paid,6093.29,2025-12-17,0.0,5.0,2025-12,True,False,False
INV000633,CUST0080,2025-12-18,2026-02-01,7284.77,EUR,Open,0.0,,7284.77,,2025-12,False,False,False
INV000634,CUST0001,2025-12-14,2026-01-13,12471.85,EUR,Paid,12471.85,2025-12-31,0.0,17.0,2025-12,True,False,False
INV000635,CUST0039,2025-12-01,2025-12-31,6514.27,EUR,Open,0.0,,6514.27,,2025-12,False,False,False
INV000636,CUST0066,2025-12-05,2026-01-04,8111.62,EUR,Paid,8111.62,2025-12-16,0.0,11.0,2025-12,True,False,False
INV000637,CUST0009,2025-12-04,2026-01-03,4590.44,EUR,Paid,4590.44,2025-12-27,0.0,23.0,2025-12,True,False,False
INV000638,CUST0017,2025-12-01,2025-12-31,10184.03,EUR,Paid,10184.03,2025-12-28,0.0,27.0,2025-12,True,False,False
INV000639,CUST0055,2025-12-13,2026-01-12,6978.83,EUR,Paid,6978.83,2025-12-27,0.0,14.0,2025-12,True,False,False
INV000640,CUST0027,2025-12-15,2026-01-14,13357.37,EUR,Open,0.0,,13357.37,,2025-12,False,False,False
INV000641,CUST0061,2025-12-13,2026-01-12,10590.02,EUR,Paid,10590.02,2025-12-14,0.0,1.0,2025-12,True,False,False
INV000642,CUST0053,2025-12-16,2026-01-15,6616.57,EUR,Paid,6616.57,2026-01-23,0.0,38.0,2025-12,True,False,True
INV000643,CUST0005,2025-12-02,2026-01-01,10304.68,EUR,Paid,10304.68,2025-12-08,0.0,6.0,2025-12,True,False,False
INV000644,CUST0071,2025-12-10,2026-01-09,6514.58,EUR,Open,0.0,,6514.58,,2025-12,False,False,False
INV000645,CUST0016,2025-12-03,2026-01-17,1257.15,EUR,Paid,1257.15,2026-01-02,0.0,30.0,2025-12,True,False,False
INV000646,CUST0021,2025-12-01,2025-12-31,6867.58,EUR,Paid,6867.58,2026-01-14,0.0,44.0,2025-12,True,False,True
INV000647,CUST0074,2025-12-08,2026-01-07,9060.19,EUR,Open,0.0,,9060.19,,2025-12,False,False,False
INV000648,CUST0019,2025-12-01,2026-01-15,5934.97,EUR,Open,0.0,,5934.97,,2025-12,False,False,False
INV000649,CUST0010,2025-12-05,2026-01-04,4340.46,EUR,Paid,4340.46,2025-12-06,0.0,1.0,2025-12,True,False,False
INV000650,CUST0070,2025-12-01,2025-12-31,6169.55,EUR,Paid,6169.55,2025-12-18,0.0,17.0,2025-12,True,False,False
INV000651,CUST0054,2025-12-05,2026-01-04,7612.78,EUR,Paid,7612.78,2026-01-19,0.0,45.0,2025-12,True,False,True
INV000652,CUST0057,2025-12-17,2026-01-16,2077.91,EUR,Paid,2077.91,2025-12-30,0.0,13.0,2025-12,True,False,False
INV000653,CUST0026,2025-12-07,2025-12-21,3290.71,EUR,Paid,3290.71,2025-12-14,0.0,7.0,2025-12,True,False,False
INV000654,CUST0079,2025-12-04,2026-01-03,3697.92,EUR,Paid,3697.92,2026-01-01,0.0,28.0,2025-12,True,False,False
INV000655,CUST0063,2025-12-08,2026-01-22,6398.8,EUR,Paid,6398.8,2026-01-16,0.0,39.0,2025-12,True,False,False
INV000656,CUST0023,2025-12-02,2026-01-01,2158.95,EUR,Open,0.0,,2158.95,,2025-12,False,False,False
INV000657,CUST0069,2025-12-05,2026-01-04,8107.81,EUR,Paid,8107.81,2026-01-12,0.0,38.0,2025-12,True,False,True
INV000658,CUST0058,2025-12-02,2026-01-01,5633.53,EUR,Paid,5633.53,2025-12-31,0.0,29.0,2025-12,True,False,False
INV000659,CUST0064,2025-12-16,2025-12-30,9995.02,EUR,Paid,9995.02,2025-12-27,0.0,11.0,2025-12,True,False,False
INV000660,CUST0018,2025-12-10,2026-01-09,11450.36,EUR,Open,0.0,,11450.36,,2025-12,False,False,False
INV999999,CUST0002,2025-12-04,2026-01-03,3100.0,EUR,Open,0.0,,3100.0,,2025-12,False,False,False
